:10000000803200200D38000075D30000F937000061
:1000100000000000000000000000000000000000E0
:100020000000000000000000000000004538000053
:100030000000000000000000B53900002998000011
:10004000553A0000553A0000553A0000553A000074
:10005000553A0000553A0000553A0000553A000064
:10006000553A0000553A0000553A0000553A000054
:10007000553A0000553A0000553A0000553A000044
:10008000553A0000553A0000553A0000553A000034
:10009000553A0000553A0000553A0000553A000024
:1000A000553A0000553A0000553A0000553A000014
:1000B00002B4714649084900095649008E4402BC01
:1000C0007047C04602B4714649084900095C4900BE
:1000D0008E4402BC7047C04603B4714649084000D4
:1000E0004900095A49008E4403BC7047002934D0A6
:1000F0000123002210B488422CD301242407A142FA
:1001000004D2814202D209011B01F8E7E400A142B6
:1001100004D2814202D249005B00F8E7884201D351
:10012000401A1A434C08A04202D3001B5C08224329
:100130008C08A04202D3001B9C082243CC08A0429A
:1001400002D3001BDC082243002803D01B0901D086
:100150000909E3E7100010BC704701B5002000F06A
:100160005FF802BD0029F8D003B5FFF7C1FF0EBC50
:100170004243891A1847C046002941D010B40400F0
:100180004C40A44601230022002900D54942002802
:1001900000D5404288422CD301242407A14204D236
:1001A000814202D209011B01F8E7E400A14204D216
:1001B000814202D249005B00F8E7884201D3401A2D
:1001C0001A434C08A04202D3001B5C0822438C084F
:1001D000A04202D3001B9C082243CC08A04202D3B9
:1001E000001BDC082243002803D01B0901D00909A9
:1001F000E3E710006446002C00D5404210BC704775
:1002000001B5002000F00CF802BDC0460029F7D06F
:1002100003B5FFF7B3FF0EBC4243891A1847C04627
:100220007047C046D0400B00D1409C46203AD34096
:10023000184352426346934018437047D0400B0026
:100240001141203A03D49C4613411843634652425D
:10025000934018437047C0469140030090409C462D
:10026000203A9340194352426346D34019437047A2
:10027000844608006146FFE71FB501F0FAFC00283C
:1002800001D40021C8421FBD10B501F08FFC4042CF
:10029000013010BD10B501F0ECFC002801DB00209E
:1002A00010BD012010BDC04610B501F0E2FC0028D1
:1002B00001DD002010BD012010BDC04610B501F0C9
:1002C0009AFC002801DC002010BD012010BDC046B2
:1002D00010B501F090FC002801DA002010BD0120CB
:1002E00010BDC0461C2101231B04984201D3000C01
:1002F00010391B0A984201D3000A08391B09984299
:1003000001D30009043902A2105C40187047C046AE
:1003100004030202010101010000000000000000CE
:1003200010B5002903D1FFF7DDFF203002E00800FF
:10033000FFF7D8FF10BDC046414208401C210123F1
:100340001B04984201D3000C10391B0A984201D3B8
:10035000000A08391B09984201D30009043902A296
:10036000105C401A7047C0461B1C1D1D1E1E1E1E21
:100370001F1F1F1F1F1F1F1F002B15D1002A13D166
:10038000002906DB01DC002806D00020C04341081C
:1003900002E080210906002007B4024801A14018AC
:1003A000029003BD7DFEFFFF03B4684601B50298CD
:1003B00001F0E4FB019B9E4602B00CBC7047C046B6
:1003C000002B11D1002A0FD1002900D1002802D022
:1003D0000021C943080007B4024802A14018029056
:1003E00003BDC0463DFEFFFF03B4684601B5029859
:1003F00001F04FFB019B9E4602B00CBC7047C0460B
:10040000D0B501F033F900220B4B06000F0000F0CD
:1004100013FC01F0ABF9040001F008F90022074BCE
:1004200000F00AFC02000B003000390000F02AFE48
:1004300001F09CF92100D0BD0000F03D0000F0412A
:10044000F0B5C30F85B0440245000391640A2D0E38
:1004500001932ED0FF2D39D08023E400DB047F3DB3
:100460001C4302950027039B5D025E00DB0F6D0AB3
:10047000360E039330D0FF2E3BD08023ED00DB04FB
:100480001D4333007F3B00210398019A42400298AC
:10049000D2B2C31AB800084301380E2842D8FFF779
:1004A00011FE6CA87EA89DA87E6C6C9D7E2E2E2EC3
:1004B000720001270294002CD5D02000FFF712FF14
:1004C000773F431F9C403B1A0293CBE703270295DB
:1004D000002CC8D1013FC6E72B000121002DD3D04D
:1004E0002800FFF7FFFE431F9D4076235B421B1A47
:1004F000C9E733000321002DC6D10139C4E7390013
:10050000019A022939D0032900D170E00025280082
:1005100001291ED16D026D0AC0052843D207104380
:1005200005B0F0BD64016D01AC4228D31A20012151
:10053000641B0126270049006400002F01DBA5424F
:1005400001D8641B314301380028F3D1601E844177
:100550000C4318007F30002824DD610704D00F21F0
:100560002140042900D00434210103D58033180030
:1005700023490C40E508FE28CCDD00250DE01B20BA
:100580000021013BD5E78023DB031C4201D01D4243
:1005900029D08025019AED032543FF20BAE72C00DE
:1005A000039AAEE701210025091A28001B29B1DCB6
:1005B0009E3325009C40CD40631E9C4125436B0724
:1005C00004D00F232B40042B00D0043580232800B7
:1005D000DB0418401D420FD1ED089BE70023802467
:1005E0000193E403D5E7039B2C000193D1E701922B
:1005F000CFE7002528008DE7002501208AE7C046C7
:10060000FFFFFFF7F0B5C30F85B047024400039129
:100610007F0A240E02930AD0FF2C71D080227F3CE7
:1006200026000023FF00D204174301930CE00123AE
:100630003E1E019308D03800FFF754FE7626431F74
:100640009F407642361A0194039B5C025D00DB0FEB
:10065000640A2D0E03935AD0FF2D64D08023280006
:10066000E400DB041C437F380023019986198800CD
:10067000721C18430A2800DD7EE00299039D694040
:100680000291022855DC0138012864D9B9B20D0065
:100690003B0C200CA4B2654341435C43434309191E
:1006A0001F002B0C5B189C4202D9802149027F1845
:1006B0001904ADB24D19AC01611E8C411B0CAD0E7D
:1006C000DB192C439B011C431B0167D501236108E7
:1006D0001C400C4310007F30002861DD630704D00C
:1006E0000F232340042B00D00434230103D5803290
:1006F00010003F4B1C40E108FE2834DD00214BE098
:10070000032326000193002F9ED1013B8DE720009B
:100710000123002CA9D0FFF7E5FD431F9C40762361
:100720005B42181AA0E728000323002C9DD1013B4F
:100730009BE701218140A6200D00C0000540014239
:100740001ED190208000014246D1B938FF380142C5
:100750009CD003990291022BD0D0032B42D00021D0
:100760000800012BB6D1029B4902490AC005084383
:10077000DB07184305B0F0BD0F2804D00B28E8D0E4
:100780003C00019BE7E78023DB031F4201D01C42B2
:1007900026D08021C9033943FF20E4E7320099E7DE
:1007A000012300211B1A08001B2BDCDC9E322100D8
:1007B0009440D940631E9C4121434B0704D00F2332
:1007C0000B40042B00D0043180230800DB041840C8
:1007D000194209D1C908C6E780270295FF03D8E767
:1007E000039B02932700D4E700210120BBE7C0460A
:1007F000FFFFFFF7F0B543025A0A85B04F024400ED
:1008000002924E007A0A9446C50F0092240E9B096C
:10081000360EC80FD200FF2E02D10100002A01D1EE
:1008200001214140A01BA94200D093E0002836DD01
:10083000002E13D1002A07D0461E012802D1012420
:100840009B181EE0FF2810D1DB08FF285ED1002B8B
:100850005CD08022D203FF20134357E0FF2C00D14D
:100860003DE180210600C9040A4301211B2E07DC5B
:100870002020801B11008240F140501E8241114314
:100880005B185A0100D412E1601CFE2C00D1D6E0A6
:10089000012296491A405B080B40134358E0002898
:1008A00020D0301B002C08D1002B04D0441E01287E
:1008B000C5D0FF2808D11300C6E7FF2E00D108E1FC
:1008C00080210400C9040B4301211B2C07DC2020DC
:1008D000001B19008340E140581E83411943340036
:1008E0008B18CEE7FE21601C08422DD1002C18D1B8
:1008F000002B00D1EBE0002A00D1DFE09A182000A5
:10090000D308520102D50120794A1340FF22C005C5
:10091000D2055B0210405B0A1843ED07284305B07F
:10092000F0BD002B00D1D4E0002A00D1D2E080211C
:100930000298C903884203D30098884200D213006A
:10094000DB089C46019581E0FF2878D09B185B0866
:100950000400ACE0002827DD002E1DD1002A00D1C4
:1009600072E7461E012802D19B1A01240EE0FF28DF
:1009700000D169E701211B2E07DC2020801B11001C
:100980008240F140501E824111435B1A5A0100D44B
:100990008DE09B019E0970E0FF2C00D19FE080213B
:1009A000C90406000A43E5E7002825D0301B002CC7
:1009B0000CD1002B07D0441E012802D10D00D31A00
:1009C000D3E7FF2809D113000D003DE7FF2E00D12A
:1009D00082E08024E4042343040001201B2C07DC74
:1009E00018002025E0402C1BA3405C1EA3411843A7
:1009F00034000D00131AC9E7FE27661C03963E401B
:100A00000196039E3E4233D1002C1AD1002B06D111
:100A10001D00002A00D179E70D00009B76E7002A2F
:100A20004CD09E1A770106D50D00D31A00208342C0
:100A300000D16BE78CE7331E00D005E725000023CB
:100A400064E7002B05D1002A4BD001916346019D3C
:100A5000FFE6002A3ED08020029CC003844200D2E0
:100A60006EE7009C844200D36AE713000D0067E73D
:100A70009E1A770114D50D00D61A3000FFF732FC0C
:100A800033000538834084420EDC2022001B0130F5
:100A9000121A19009340C1405A1E93410B43C5E7F7
:100AA000002EEAD10500CAE7124A241A13405A0759
:100AB00004D00F221A40042A00D004335A010ED564
:100AC000601CFE2CBBD00A4ADB0813401EE7130053
:100AD000ACE71300FF20B7E613000D00FAE7200093
:100AE000B2E68023DB039C46B0E7C046FFFFFF7DF4
:100AF000FFFF7F1FFFFFFFFB41024300C20F490AB8
:100B000000201B0E7E2B03DD9D2B02DD084BD01831
:100B10007047802000040843952B05DD963B9840E4
:100B2000002AF5D04042F3E79621CB1AD840F7E7E8
:100B3000FFFFFF7F70B503000400051E0ED0C21733
:100B400085185540C40F2800FFF7CCFB9E231B1AC5
:100B5000962B0ADC08282BD0083885406D026D0AD8
:100B6000D8052843E407204370BD992B1BDD020004
:100B700029001B3291400A00511E8A410521091AA1
:100B8000CD4015430B4A2A4069070FD00F210D4075
:100B9000042D0BD00432D508510107D59F23064AF6
:100BA0001B1A1540DAE7421F9540EBE7D508D5E759
:100BB0009623D3E7FFFFFFFBFFFF7F1F002310B546
:100BC0000400984209D0FFF78DFB9E231B1A962B39
:100BD00008DC082829D0083884406402D805640A53
:100BE000204310BD992B1BDD020021001B329140D8
:100BF0000A00511E8A410521091ACC4014430C4AAF
:100C0000224061070FD00F210C40042C0BD004327E
:100C1000D408510107D59F23064A1B1A1440DCE76C
:100C2000421F9440EBE7D408D7E79623D5E7C046A8
:100C3000FFFFFFFBFFFF7F1FF0B58BB0009201931A
:100C40000D034B00CA0F06002D0B5B0D039200D164
:100C500011E1CE4A934200D135E1ED00420F2A4323
:100C600080252D041543CA4AC4009B181F00002389
:100C70000293019B00981E035A00DB0F360B520DA6
:100C8000049300D12EE1C14B9A4200D150E1430FB1
:100C9000F60033438026BE4936041E43C300501875
:100CA0000022C11906910131009102998800104378
:100CB0000A2800DD76E10399049F79400391022818
:100CC00000DD44E10138012800D853E1190C9BB242
:100CD00002911900220CA4B2514320008C46029FBD
:100CE000029958435143674305916744010CC91960
:100CF00004908C4505D9802040028446059F6744B6
:100D00000597080C84466846008A09040918099169
:100D1000310CB6B2049130003100049F614350435E
:100D20007C437A4324180F0C3C19A04202D980203E
:100D300040021218200C8218240489B2079262180B
:100D40000892089962468C46290CADB22800029F91
:100D500058436F434B4362449446029CFF18020C75
:100D6000D2194C43934202D980235B02E418130C3E
:100D70001B1902932B0080B21204121804987343BB
:100D800045434E434143A8191D0C2D18AE4202D9CC
:100D9000802040020918059F089867448742B641A1
:100DA000BF189742924128049BB2C018079B764215
:100DB000C01853420493029B84199C46A444634682
:100DC000049AB442A4419B18079A6442904280411D
:100DD000029A4042044394458041049A2D0C934268
:100DE00092414042524210436419099A24186418EF
:100DF000790211434A1E9141FF0DDE0D6402394311
:100E00005B0226430B43E40100D4DEE001215A08D3
:100E10000B401A43F307CE401343009A5D49521822
:100E2000002A00DCD4E0590709D00F211940042919
:100E300005D0191D99429B415B42F6180B00F10148
:100E400006D58021C9008C46534A1640009A624458
:100E500052498A4200DD07E17407DB081C43F608AB
:100E600013053603039A360B3343D207134320008E
:100E700019000BB0F0BD2C0004432BD0002D16D070
:100E80002800FFF72FFA040002000B3C1D2330005E
:100E90001B1B1100D84008398D4003002B4335003F
:100EA0008D403F492C008A1A17001D00DFE6FFF72E
:100EB00019FA04000200153420321C2CE6DD330040
:100EC00008388340EDE704002C4307D11F002500BC
:100ED0000223CDE6250027000123C9E61F000400F8
:100EE0000323C5E6009B334329D0002E14D03000E5
:100EF000FFF7F8F9010003000B391D221800521A00
:100F0000009908388640D1403143009E86402448ED
:100F1000C01A33000E00C3E6FFF7E4F90100030036
:100F2000153120331C29E8DD009908388140EEE7AF
:100F3000009B334307D110001E000222B1E61E00C1
:100F400018000122ADE6030010000322A9E60121EA
:100F50008140A6200F00C0000740014226D190200A
:100F60008000014276D1B938FF38014200D1ADE6A8
:100F700004990391022A77D0032A72D0012A00D063
:100F80004BE70026340032006AE7C046FF07000046
:100F900001FCFFFFFF030000FFFFFFFEFE07000054
:100FA0000DFCFFFF0F2805D00B28E1D02E002300F9
:100FB000029ADFE780221203154201D016424ED07A
:100FC000802636032E432C4A4AE7069A009224E7ED
:100FD0000120801A3828D4DC1F2827DC2749009AF2
:100FE0008C461C006244310093409140C4401A007A
:100FF0002143531E9A410B00C64013435A0709D0A0
:101000000F221A40042A05D01A1D9A429B415B42C6
:10101000F618130080213000090408400E4226D142
:101020007407DB0802001C43F60819E71F21494238
:101030008A1A3100D1400022202805D01048009A99
:10104000844662449640320013435A1E9341002660
:101050000B43D3E780253C0003972D03B0E7049AA8
:10106000039235001C00ABE700263400ABE70026F6
:1010700001223400F4E6C046FF0700001E04000011
:101080003E040000F0B585B002920393CB0F0D0330
:101090000193039B4C006D0A410F1F032943DE0F90
:1010A0005D00029B7F0A5B0F029A3B43BD4F640DBC
:1010B000C0006D0DD200BD4203D11F00B4461743DE
:1010C00002D101277740BC46019E671BB44500D082
:1010D0002DE1002F00DC7AE0002D3CD11D001543EE
:1010E0001ED07D1E012F18D1821882428041C9185E
:1010F0004042091810000B0200D401E1A94B01374E
:101100009F4200D187E20122A74B024019404308C9
:101110001343C80718434908F2E0A24EB74222D150
:101120004A07CB089F49C00802438F4206D11100ED
:10113000194300D172E2802109030B4310009B4A3E
:101140003F051B0317401B0B1F43019BDB071F437E
:10115000390005B0F0BD934DAC4200D1D9E18025F6
:101160002D042B433D00382D2CDC1F2D19DC2026AF
:101170001F00761BB740BC4617000296EF4066463C
:101180003743029EEB40B2401600721E96413E432A
:10119000361886428041591840420918270030000D
:1011A000A9E72E001F00203EF7400026202D03D087
:1011B0004036761BB3401E001643731E9E413E43CD
:1011C0000023E5E713431E00731E9E41F8E7002F3E
:1011D00050D02F1B002C12D10C0004430CD07C1ECD
:1011E000012F06D1801890429241C91852428918A5
:1011F00081E76C4EB7420AD11900100090E7694CA4
:10120000A54200D101E28024240421433C00382C73
:101210002BDC1F2C18DC20260F00361BB740BC46E9
:1012200007000296E74066463743029EE140B04021
:101230000600701E86413E43B01890429241C91884
:1012400052422F00891856E726000F00203EF74033
:101250000026202C03D04036361BB1400E0006433A
:10126000711E8E413E430021E6E701430E00711ED0
:101270008E41F8E74E4D671C2F4233D10D000543D8
:10128000002C14D1002D00D1B9E11C00144300D171
:10129000B7E1821882428041CB1840421B181902E4
:1012A00000D4ACE1404910000127194038E7002D77
:1012B00000D1AAE11C00144300D12AE14C07C00868
:1012C00020438024C9082403214206D0DD0825429A
:1012D00003D12900D0085B071843CA00410F11430E
:1012E000C00016E12F4CA74200D194E1821882423F
:1012F0008041CB1840421B18D807520810435908A8
:10130000430709D00F230340042B05D0031D83425C
:1013100080414042091818000B0200D400E7214B1D
:1013200001379F4200D176E11F4B1940F8E6002FAC
:101330005FDD002D3ED11D00154300D1F0E67D1E7E
:10134000012F0DD1821A90428041C91A4042091AD8
:1013500010000B02D4D549023C004D0A029004E172
:10136000104EB74200D1DBE6382D3DDC1F2D2ADCC4
:1013700020261F00761BB740BC4617000296EF40A0
:1013800066463743029EEB40B2401600721E9641FD
:101390003E43861BB0428041C91A4042091A2700C9
:1013A0003000D6E7FF070000FFFF7FFF0000F07F5F
:1013B000FE0700009A4DAC4200D1AAE080252D0422
:1013C0002B433D00D0E72E001F00203EF7400026B3
:1013D000202D03D04036761BB3401E001643731EEB
:1013E0009E413E430023D4E713431E00731E9E41DB
:1013F000F8E7002F51D02F1B002C14D10C00044310
:101400000ED07C1E012F08D1101A82429241591A27
:101410005242891A634601939BE7814EB7420AD133
:1014200061460191E8E67E4CA54200D1EBE08024C4
:10143000240421433C00382C2ADC1F2C17DC2026F6
:101440000F00361BB74001963E000700E7403743C8
:10145000019EE140B0400600701E86413E43901B55
:1014600082429241591A52422F00891AD2E726002D
:101470000F00203EF7400026202C03D04036361BBC
:10148000B1400E000643711E8E413E430021E6E747
:1014900001430E00711E8E41F8E7624E651C354215
:1014A00050D11D000E0015430643002C29D1002EFB
:1014B0000FD1210020000194002D00D130E6100052
:1014C000624601920100194300D1A1E019000027F2
:1014D00016E7002D00D194E0851AA842B641CC1A37
:1014E0007642A41B260206D5101A824292415B1A4C
:1014F00052429B1AE4E7280020435CD023002800D6
:10150000E0E7002E07D1002D7DD180213800019722
:10151000C903434F04E6002DFBD04C07C00820430D
:101520008024C9082403214208D0DD08254205D1C2
:101530005B07D0081843634629000193CB00410F95
:101540001943CDE6851A0295A842AD416D422E00A1
:10155000CD1AAD1B2E022BD5101A824292415B1A76
:1015600052429D1A634602900193002D26D0280016
:10157000FEF7B8FE083807002023029ADB1BDA408A
:101580000298BD401300B8402B43BC4233DC3F1BE4
:10159000791C1F291EDC20221D00521A04009040D5
:1015A0009540CC40421E90412543CB40284389E7DB
:1015B00002982843D9D101000190B1E50298FEF7C5
:1015C00091FE070018371F2FD6DD029B0838834095
:1015D0002800DAE71C001F3FFC400022202903D02E
:1015E0004032521A93401A000243531E9A4120007F
:1015F0000023104366E70C49E71B194080E6100002
:1016000060E70B005EE7614601911900100080E77A
:1016100008000F0084E50021080081E50B008DE53E
:10162000FF070000FE070000FFFF7FFF10B503006B
:101630000400021E0CD0FEF755FE0B4A121A0A28AF
:101640000DDC0B2321001B1AD94015300B00844000
:101650001B031B0B12051A432000110010BD2300B1
:101660000B3883400024F3E71E040000FE2270B50F
:101670004400240E4302611C5D0AC60F11420DD0C6
:10168000E0229200A4181B0B6D071B031B0B240503
:10169000F6071C4334432800210070BD002C18D1EC
:1016A0002300002DF1D02800FEF71CFE0A280ADCDA
:1016B0000B232A001B1ADA40130002001532954052
:1016C000094C241AE1E703000B3B9D402B00250049
:1016D000F6E7002D06D01A0B80231B036D0713437A
:1016E000024CD2E72B00FBE789030000FF07000054
:1016F0008446100062468C461900634600E0C046EE
:101700001FB500F0EFF8002801D40021C8421FBD2A
:1017100010B500F047F84042013010BD10B500F0A0
:10172000E1F8002801DB002010BD012010BDC046FB
:1017300010B500F0D7F8002801DD002010BD012011
:1017400010BDC04610B500F069F8002801DC00208B
:1017500010BD012010BDC04610B500F05FF8002894
:1017600001DA002010BD012010BDC04670B5002276
:101770000B4B04000D00FFF7EFFF00280BD0084BC8
:10178000002220002900FFF77DFC00F00FF98023E4
:101790001B06C01870BD2000290000F007F9F9E70A
:1017A0000000E041F0B5CD0F87B01F0302953D0B5F
:1017B000DF0F0397184F0E034C0001955D00059055
:1017C000360B640D04926D0DBC4206D10100012060
:1017D00031431CD1A5421AD101E0BD4203D1019988
:1017E0000120114313D10120AC4210D101998E4246
:1017F0000DD10499059DA94209D10299039DA942E1
:1018000007D0002C03D130001043431E984107B08D
:10181000F0BD0020FBE7C046FF070000F0B587B031
:101820000090019100990198049101992C4F0903AE
:10183000090B8C460199C50F4900490D1C0358003E
:1018400003910592240B400DDE0FB94203D1674688
:1018500000990F4335D12249884202D1270017430E
:101860002FD100270399B94205D16146009F0F434C
:1018700039004F424F41002825D12243002F06D086
:10188000002A2AD00120002E27D1023825E0002A84
:101890001BD10120002D20D040421EE0039B83423B
:1018A000F0DBA445F5D808D1049B059A9342F0D803
:1018B000049B059A002093420FD20120002D0CD1E9
:1018C000E3E70220E8E7002FDCD1AE42E1D1039B41
:1018D0008342E3DD0120002EDED107B0F0BDC0461B
:1018E000FF070000F0B587B00090019100990198C2
:1018F000049101992C4F0903090B8C460199C50FDE
:101900004900490D1C03580003910592240B400D1A
:10191000DE0FB94203D1674600990F4335D1224902
:10192000884202D1270017432FD100270399B942DB
:1019300005D16146009F0F4339004F424F410028B7
:1019400025D12243002F06D0002A2AD00120002EC4
:1019500027D1023825E0002A1BD10120002D20D0FC
:1019600040421EE0039B8342F0DBA445F5D808D13A
:10197000049B059A9342F0D8049B059A0020934259
:101980000FD20120002D0CD1E3E7022009E0002F47
:10199000DCD1AE42E1D1039B8342E3DD0120002E86
:1019A000DED107B0F0BDC046FF0700000B0070B5E8
:1019B000114E0C0349000200240B0020490DDD0FDD
:1019C000B14204DD0D48814202DD0D4BE81870BDC7
:1019D0008020400320430B4C641A1F2C08DC0A4E65
:1019E000E240891988401043002DF0D04042EEE7D4
:1019F000064B5B1AD840F7E7FE0300001D04000009
:101A0000FFFFFF7F33040000EDFBFFFF1304000026
:101A10000023C25C0133002AFBD1581E7047F7B582
:101A2000040C0D0091B20F0061438C460600019337
:101A300083B2100C5F43444358433B0C60441B1873
:101A4000994202D980214902641801995543714392
:101A5000180C04191B04BFB24919D819091903B08D
:101A6000F0BDD0B50021041CFEF714FC00280AD0FC
:101A700080231B06E018FEF7C3FC002746428F4177
:101A800030003900D0BD201CFEF7BAFC06000F0064
:101A9000F6E7F0B587B006000F00059204938B427D
:101AA00000D966E001D1824263D804990598FEF717
:101AB00037FC390001903000FEF732FC019B04999D
:101AC0001B1A1A0005980193FEF7C6FB04000D00CF
:101AD000B94246D801D1B04243D801200021019A31
:101AE000FEF7BAFB361BAF4102900391019B002B1E
:101AF0002ED0E90762080A4301996B088C4601243D
:101B00000025BB4232D801D1B2422FD83000390073
:101B1000801A9941001849410019694106000F00D7
:101B2000012149428C4461460029EAD1029C039D6F
:101B300030003900019AFEF775FB019AA4197D4126
:101B400006000F00FEF788FB241A8D4102940395CE
:101B50000C9B002B01D01E605F600298039907B0B8
:101B6000F0BD0022002302920393BFE7B6197F4124
:101B7000D6E70023002402930394E9E7F7B51700A2
:101B80001E0004000D0000F0B2F802000B000090EF
:101B9000019138003100FFF742FF241A8D41089B64
:101BA000009801991C605D6003B0F0BD70B54B00FA
:101BB000440245004E02C20F640A01202D0E760A2F
:101BC0001B0EC90FFF2D06D1002C13D1FF2B11D1F5
:101BD000002E06D00EE0FF2B0CD09D420AD1B4425D
:101BE00008D100208A4205D00130002D02D120000A
:101BF000431E984170BD30B5420245004C02C30FF0
:101C00004800520A2D0E640A000EC90FFF2D01D1A3
:101C1000002A19D1FF2801D1002C15D1002D20D187
:101C2000002813D1002A1ED1002C21D00120002928
:101C30001ED102381CE08542F8DBA2420CD80020FD
:101C4000A24215D20130F2E7022008E0002AEDD0CE
:101C500099420AD18542EEDD0120002908D0404298
:101C600006E00028F4D1002CF2D10120002BF6D19F
:101C700030BD30B5420245004C02C30F4800520A45
:101C80002D0E640A000EC90FFF2D01D1002A19D1B3
:101C9000FF2801D1002C15D1002D20D1002813D10F
:101CA000002A1ED1002C21D0012000291ED102388B
:101CB0001CE08542F8DBA2420CD80020A24215D2DB
:101CC0000130F2E7022011E0002AEDD099420AD15A
:101CD0008542EEDD0120002908D0404206E00028C0
:101CE000F4D1002CF2D10120002BF6D130BDF0B59B
:101CF0001D00002389B01400009001910693002973
:101D000009DA00980199002342428B410092019325
:101D100001235B420693002D07DA069B2200DB437A
:101D200006932B00002554429D41009E019F019B7C
:101D300007949D4200D96DE003D1009A944200D9E6
:101D400068E029000798FEF7EBFA04000098019973
:101D5000FEF7E6FA241A220029000798FEF77CFA1B
:101D6000019A0290039191424CD802D1009A90427C
:101D700048D8029A039B009E019F0120B61A9F41FA
:101D800000212200FEF768FA04900591002C2DD066
:101D90002500039B0298D90742080A4303994B0880
:101DA000BB4234D801D1B24231D830003900801A58
:101DB0009941012600184941002736184F41013D3D
:101DC000002DEDD1049A059B92197B4130000092C1
:101DD000019339002200FEF725FA2200FEF73CFAB3
:101DE000009B019C1B1A8C4104930594049805994F
:101DF000069B002B04D003000C0000215842A14197
:101E000009B0F0BD0022002304920593BEE7B61985
:101E10007F41D4E700230024E6E7000030B504004A
:101E2000080087B0009001206946019004930020CB
:101E30000723087203920B7502220B7D044813439B
:101E40000B7583689D682300A84707B030BDC04666
:101E5000B0FE00000923F0B50025162497B00C93BE
:101E6000033B0D9304ABE4182900142211A825802C
:101E70000DF0D4FD402344211394022404AA1293AC
:101E80005218343B137004AB14949D74884E300088
:101E90000DF03FFAA84205D186480AF031FE002035
:101EA00017B0F0BD844F38000DF033FA002801D18F
:101EB0008248F2E7BB680CA938001B689847011EEE
:101EC00003DA7F480AF01CFEE9E7122204A952183F
:101ED000132104AB04A8DD74091801232920FFF79E
:101EE0009DFF04AB997C77480AF00AFE3E220AABBC
:101EF0000EA9FF320E931A804C600C720B7A3D3A99
:101F00001C43B3680C729C6830002923FF3AA04739
:101F1000FA200021400008F0D7FD0321F622080036
:101F2000120201F0B5FF0490002800DBBBE001F0D5
:101F3000A1FD654A654B115818000AF0E1FDFF2626
:101F40002821082304AA52180AAD137029202A0058
:101F5000023B0EA9FFF762FF5D4C00280BD12B78E6
:101F6000E3716B782372AB786372EB78A3722B7991
:101F7000E3726B7923732821002304AA521809AD58
:101F800013704F202A0002330EA9FFF747FF0028E5
:101F90000CD1FA212B884F48DBBA58438900FEF751
:101FA000EBF883B21B0A30406071A371424811A95B
:101FB00083685B689847011E16D1162304AA9B18F4
:101FC0001888454A0023FFF72AFD0E900F9109203B
:101FD0000EA905F017FC002806D10E9B1B0B9AB228
:101FE000120A3340E37022710DF05CFC0A220023D8
:101FF000FEF7E6F9020AA378A273020CE273627894
:102000001B02134301339AB205923340A5796370E2
:10201000130AA37063792D021D436073000E0A2119
:1020200020742800FEF762F883B206932379E278E1
:102030001B0213430793237BE27A1B0213431B0407
:102040001B140393A37A627A1B0213431B041B1411
:102050000293237AE2791B0213431B041B140A2107
:1020600028000193FEF77EF8002789B2069B0091B5
:10207000079A059919480AF043FD049BBB420DDB02
:10208000122221003B0004980197009701F030FFD5
:102090000100B84202DB12480AF032FD002111486B
:1020A00008F012FD4CE710480AF02AFD47E7C04649
:1020B000B0FE00000C08010094FE0000230801009F
:1020C0003A0801005E0801000C00000080080100D1
:1020D000E805002071020000E40C0000C1080100C6
:1020E000F408010010270000AE080100F7B500AFAA
:1020F000796000296FD005680C1F641BE408E300B9
:102100003B60EB18598801220B001340114213D198
:102110006E4688B06A463149059179680691032177
:102120000491C2212E481032490100F02BFFB54620
:1021300062B60423181C02DF210028000AF04BFBC2
:102140002018C3005B5BC01A844214D06E4688B06E
:102150006A46244B05937B68069303230493C221AC
:1021600000231F481032490100F00CFFB54662B64B
:102170000423181C02DF0122E300EE1873882100FB
:102180009343738028000AF026FB012223187B600A
:10219000DB00EB185B88134208D1280079680AF04D
:1021A00061FB210028007A680AF0AAFB3688A61B8A
:1021B000F300EB185B88DB0709D4310028000AF034
:1021C00051FB2200310028000AF09AFB3400210064
:1021D00028000AF005FBBD46F7BDC04664090100B2
:1021E000280101003B09010010B502480AF088FCF3
:1021F000002010BD910901000E4A0300904203D354
:102200000D4A0120934214D30C4A002A05D0934270
:1022100003D30B4A012093420BD30A48002808D06D
:102220000021094A8342494193429241524211405E
:102230000800704780FD00007814010000000000D5
:10224000000000000000000000000000F0B597B0A2
:102250000593042313400A9307230291D1081940E0
:10226000013107001C9E0C91810700D0AEE1041DD6
:1022700000282FD1029919400B000C1D0821CB1A00
:102280000293059B0425013B0693002307930B93C0
:1022900004930193013B089303331A4003950D9275
:1022A000002F01D0059B23600C9B002B05DC0598BB
:1022B000FFF7A2FF002800D1C3E00D9B002B00D147
:1022C000E3E00120E31B80229200934200D2BDE0B4
:1022D000162003E0029B072BD3D81C20404211E1BB
:1022E00008250395069B01330693069B98780028E2
:1022F00000D1FCE0019B002B08D12528F2D1089BDE
:1023000001330893012301930425EAE77A284FD883
:102310004B2813D847284BD8292831D8252844D012
:10232000002301932528DDD803002038233B5A429F
:1023300053414242504103430193D3E74C382E2886
:1023400036D8FDF7B5FECF3535353535353535352C
:1023500035353735353535353535356235373762CD
:102360006262CF37CD35CF3518371835357AE1373A
:1023700035353735E100002309930425019327E023
:1023800001210B002A38C0B28340914A1342A9D1DF
:10239000E222180092051040134236D11A000A407A
:1023A00001920B429ED0099013E0089B013B0893D9
:1023B0000023C1E70022069B09925B7801926C2BF7
:1023C00007D10425069B03951B786C2B01D16D1951
:1023D0000395013C60192900FDF788FE684304005D
:1023E000002F06D0039B029ADB1B1B18934200D9D7
:1023F00073E7099B002B61D0069B023306930C9B6D
:10240000013B0C9308CE05934AE7072107368E431C
:1024100064188C430CCE002F08D00131C91B0298E0
:102420000919814200D958E722606360002308251A
:1024300001932B000834039354E7019B0993002375
:102440009BE70D9AE31B002A00D03CE7049A0F2A71
:1024500000D93DE7002F20D09B08DBB29C466146A7
:102460000EAB9954049B089912AAD154002810D09D
:102470008022634652421343049A0EA98B54079B51
:1024800001330793049B01330493069B0434013BFF
:102490002AE70B9B01330B93F4E7029B002802D041
:1024A00001330293EEE7023302930A9B002BE9D13A
:1024B0000598FFF7ADFA029B1B18F2E7039B042B6C
:1024C00007D1331D002F01D0326822601E00043472
:1024D00008E70722F31D93431E000836002F03D0A0
:1024E0001A685B682260636008230834A3E78022CF
:1024F000E31BD200934200D3EAE6002F04D10298F6
:102500000838C01817B0F0BD9B082C2238603B700B
:102510006B469B180A9A1B78002A0BD0FB70079B0E
:10252000BB70002B1AD100250EAE049BAB421CD110
:10253000E01BE7E77B70F2E7C656195C002E08DA6D
:1025400065462940029D1619AE4200D9C5E62170A4
:102550000134013304999942EED1E4E77F22944695
:102560007E3A00230EA8D21BF4E7079B002B02D073
:1025700033787F2B1BD80A9B002B1BD012ABEB5C54
:1025800023700023013401930123019ADB1B1B19E3
:102590009B18029A934200D99FE63378019A2370E0
:1025A0000134200005990DF030FA019B1C1901350A
:1025B0000136BAE733789B00FB181A6805920A9A2D
:1025C00005981A60FFF724FA431CDCE70E2085E625
:1025D000DAFF0000F0B595B000AF0600F9637A6449
:1025E000BB6300290AD104788378A400E4184578F5
:1025F0000419FB6B9D4223D8A31BFB63B378012214
:102600001C00B96E1140621E94417963F2780C404F
:10261000BA61002A02D0BA6E92071BD4002C19D1DD
:102620007B6C002B08D0BA6BF96B30009847210007
:102630002000BA6B7B6C9847F86BBD4615B0F0BDB7
:1026400001342000FFF7E4F9FB6B0130013324185B
:10265000FB63CEE7327892007A6172687A607A69B9
:102660009A183A61B118BA695200FA60D218202A51
:1026700000D938E10422B86E10407862B86E10427A
:102680000CD0033A9A400024551EFB623C6401338F
:102690003B630023B962FB613B6240E07A6B002A36
:1026A00000D19AE001229A401C00013A3A647A6A09
:1026B000FA621500EBE7BB6A5B789B009859FFF75D
:1026C0009BFD7B6C3860002B61D0BB6A78681B78FF
:1026D0001900BB600AF0F1F9002858D06B468AB0A7
:1026E0003B606A46814B05937B680693BB68079302
:1026F00080239B0013847E4B0493922100237D480A
:102700001032890100F03EFC3B689D46FB690133B5
:10271000FB61BB6A0233BB623B6B02333B63FB6909
:10272000BA699342C7D34C23F8183378037073788F
:102730001B1943703B6AC370FB6A83707B6C002B70
:1027400050D17C6933193B63002D5BD13B6C002B6E
:102750006FD1FA683B699446FA6B6344D51A9A4282
:1027600000D1BAE07A6C6019002A00D165E7F01850
:102770002900BA6B7B6C98476419002800DA5CE783
:102780000021BA6B08007B6C9847200055E73B6836
:10279000002B15D07B6B002B07D001233A6B013443
:1027A00093403A6C1A433A64B0E77B6A002BADD091
:1027B00001233A6B93401D43FB6A0133FB62A5E79B
:1027C0000222BB6E1342E8D103223B6B013B9A40CD
:1027D0003B6A154301333B6298E77C6B2200FC6245
:1027E0003C6466E70421BA6B7B6C9847002800DAEA
:1027F00023E77B69BA6B191F301D7B6C9847002853
:102800009FDA1AE72800FDF797FD4B220300B8185E
:102810003A6BD25C027001229A407B6C9543002B8C
:1028200005D00121BA6B9847002800DA05E701348A
:102830008AE7386CFDF780FD4B213A6B0300125C90
:1028400078180270920092597A6301229A4013001C
:102850003A6C9A437B6C3A64002B08D0BA6B4A39C5
:102860009847002800DAE8E6FB6E002B1BD1002118
:102870007B6B0134002B01D11F4B7B637B6C002BE6
:1028800019D1786BFFF7C4F8FB6E01300419002BE7
:1028900000D15BE73B6F9D4200D357E7FA6E6B00B8
:1028A0009852013552E73B6F9D42E0D2FA6E6B00C1
:1028B000995A0135DCE7002909D089B2BA6B786BE7
:1028C0007B6C9847002800DAB7E624183EE7786B5F
:1028D000FFF79EF8013081B2F0E77B6C2000002BFF
:1028E00000D04DE7A9E61C204042A6E6D60901002B
:1028F00004000001D0000100CF090100014B186065
:102900007047C046D004002010B5334A334B116ADB
:10291000194042230B431362D3681B07FCD50021E7
:102920002F4B99605978C909FCD18321490259601C
:102930005978C909FCD16F31FF319182D16889077B
:10294000FCD50221FF3199605978C909FCD125498C
:1029500059605978C909FCD18221C9015980912156
:102960008900918420482149006809688005890E02
:102970008902800D014391621D49D162D168C90667
:10298000FCD50221908C01439184D1680906FCD5C5
:10299000D1684906F9D51E21164C606888431A395A
:1029A000014361608021490099605978C909FCD1CF
:1029B000114959605978C909FCD110499960597871
:1029C000C909FCD10E4959605978C909FCD1136A6B
:1029D00002318B43136210BD000800400000FFCF9E
:1029E000000C004001052100286080002460800068
:1029F000B805FF7D0040004100070100030600000C
:102A000003070100F7B5050006002800FDF794FC58
:102A100001238340DA430F4F04019D433B19019387
:102A20001B7B0092002B0CD0E3591B69002B0CD1AF
:102A3000009B3C191E4063680422196801980AF043
:102A40008BFB002DE1D13000FEBD381998470028DE
:102A5000F7D1EDE740010100F0B5002289B00F4940
:102A60000F480CF06BFF0024002600270E20C02228
:102A70000C4D03900696079728000B4B0B490494C6
:102A8000029401940094920007F090FD08492800F8
:102A90000CF02FFE200009B0F0BDC046B52A0000A2
:102AA000E00C002050080020C52D00003019002047
:102AB000950A010010B5024807F0CEFA10BDC046D5
:102AC00038070020F7B500901F4801910AF023FB5A
:102AD000061E35D000252800FEBD237B002B11D01B
:102AE0002368DB68002B01D02000984763689F7142
:102AF00023681B69002B1BD163680422200019681E
:102B00000AF02AFB01361034104B9C42E5D3009B9F
:102B1000002BE0D0002DDDD02800FFF773FF019BD4
:102B20000500002BF6D06420002107F0CDFFF1E76F
:102B3000200098470028DFD03B00B3401D43E1E769
:102B400005000127024CDFE70411002050010100BD
:102B500040010100014B8000C0587047F4030100A0
:102B6000030010B50800002B05D0044A136000F0E4
:102B70009DFC002010BD16204042FBE7D40400203D
:102B800010B5012104480AF043FA002802D1034895
:102B900007F062FA10BDC04600110020380700207F
:102BA00010B5040007480AF0B6FA002C03D0012142
:102BB00005480AF020FA054808F0D0FA044807F062
:102BC0004BFA10BDF8100020FC100020E00C002093
:102BD0003807002010B5002101480AF019FA10BD8D
:102BE000F810002070B5FFF7F5FF0500084C094B01
:102BF0009C4200D370BD63685B79002B06D02368CC
:102C00005B68002B02D02900200098471034EEE7C3
:102C1000400101005001010010B5044C044920009E
:102C20000AF078F8034B1C6010BDC0461006002067
:102C3000E0030100F01000200023FA210C4A10B537
:102C400013700C4A890013600B4A0C481360FFF79D
:102C500087FFFFF7E1FF0A4B0A4918008B4200D3B8
:102C600010BD1A1A5C681211013222711033F5E797
:102C700028190020F8100020FC10002021D10000AD
:102C8000400101005001010010B5044C0100002278
:102C9000002320000AF05FF810BDC0461006002097
:102CA00010B502480AF0EBF810BDC046100600202F
:102CB00010B5034B010018680AF035F910BDC04685
:102CC000F010002010B502480AF064F910BDC046AB
:102CD0001006002070B523480AF098F90300002080
:102CE000834229D0FFF7DCFF1F4C051E2FD11F4B5D
:102CF0001F4C1B68002B11DD0CF0D4FD0A220023B1
:102D0000FDF75EFB22686368801A9941002903D1B0
:102D1000FA239B00984201D9FFF764FF2268636899
:102D2000FA200021800012184B41002022606360CD
:102D3000854201D0FFF7C6FF70BD63685B79002B49
:102D400004D02368290020001B6898471034094BE1
:102D50009C42F2D32800FFF7ABFF012106480AF09E
:102D60004AF9C4E70011002040010100F8100020DA
:102D7000D80C002050010100FC10002070B50E4D51
:102D8000297800290CD10120FFF79CFE0B4C0C4B3D
:102D90009C4206D3FFF79EFF0028FBD101232B7036
:102DA00070BD63685B79002B03D0236820009B68AB
:102DB00098471034EBE7C046281900204001010075
:102DC00050010100F7B500210800FFF77BFE041E4B
:102DD0002DD0FA2700267F0000F04CFE1C4B1D4A28
:102DE0001B581360002B06D01B4B1B68092B02DD00
:102DF0001A4807F031F900230093002C07D0200077
:102E0000FFF700FE041E02D101277F423E00FFF7BC
:102E100061FF0190002808D1009B114D002B13D1B8
:102E20000E483A00330007F04FF9019BE4E7012711
:102E30007F423E00D0E72B689B69002B03D0002225
:102E40002800110098471035064B9D42F3D3E7E761
:102E500008000000F4100020FC10002038070020BB
:102E6000400101005001010013B514480AF053F964
:102E7000134B1B78002B08D0EFF3108472B6FFF7CA
:102E800029FF002C00D162B613BD0E4B1B68002B2E
:102E9000FAD0002809D1002200230B4800920193A8
:102EA00000230A4A08F03AF9EEE70928ECD106486F
:102EB00008F054F9064807F0CFF8E5E7FC100020C9
:102EC00028190020F4100020E00C0020102700003A
:102ED0003807002010B5064B04001B6898472100F6
:102EE000A060044809F0B1FFFFF7BEFF10BDC04667
:102EF000D404002010060020044B054A00209B1A31
:102F0000DB08994201D2C90088587047400101008E
:102F1000C8000100F0B55E1C85B0B5000090280027
:102F2000072317309843033080080F000192FFF702
:102F3000ABFE02AB04000322581D00210CF06EFD15
:102F400003AB1E70002C0BD0039B210023610023D8
:102F500014312A1F0198C058C85004339342F9D144
:102F6000E023BA015B001A406D02054B2A431A4068
:102F70002000002300990AF013F905B0F0BDC04607
:102F8000C0FF0F00F0B591B004AF3B600B035B0DC9
:102F90000E0078607A613B610C0D002B00D172E06D
:102FA000BB6018220C239B18DD1900237B626B6029
:102FB000AB60043302939B18FB1801930A23009320
:102FC00000222B00B9687869FFF704FB8023F860C2
:102FD0001B01984224D37B696C461A795B798AB0CD
:102FE0001B0213437A69927912041A437B69DB79D5
:102FF0001B06134304AA9361284B2949D3618023FC
:103000009B001384274B51611361922100232648B2
:1030100010328901FFF7B6FFA546BD460DB0F0BDE1
:10302000FB6817345B055A0D3A61204A1B0B1640AA
:103030001E43FB68E0180723984303308008FFF71E
:1030400023FE041E13D0030010337B62FB68184A72
:103050006B600023AB60043302931833FB180193B9
:103060000A230093B9682B007869FFF7B3FA3B692C
:103070000E4A5B0216401E43320020003B6879680E
:103080000AF08EF8C9E72000072317309843033071
:103090008008FFF7F9FD0400E9E7C046FF070000DC
:1030A000AA0A010004000001F8000100FF01F0FF7E
:1030B0006FD10000F0B587B00E9E0500140002919C
:1030C0000393002E15D00F9B102105930093002031
:1030D00033000D9AFFF7BAF8802307001B019842CE
:1030E00009D30221174A1848184B0AF079F807B09B
:1030F000F0BD3700300007232A001C401A40D200E0
:10310000A40114430C9A40020443120514430C9D7D
:103110001735E819984303308008FFF7B5FD051E01
:1031200009D0002E07D00F9B390000930D9A330071
:103130001030FFF78BF822002800039B02990AF059
:103140002FF8D4E7E90A0100F8000100FF070000AA
:103150004068002804D0044BC01AC00800B2704771
:1031600001204042FBE7C046C80001000EB417B57D
:10317000054C05AB04CB01002000019300F080FC5E
:103180001EBC08BC03B018473FD2000010B5CB06E8
:1031900004D4890603D50349FFF7E8FF10BD0249AF
:1031A000FAE7C046220B0100210B0100F0B591B0F7
:1031B0001F0018AB1B7804000D0007920493002B2E
:1031C00000D1A4E00226049A8C4B9B5C1C9A0993C4
:1031D0001C9B1E4001231A400A921C9A07331A4076
:1031E0000B921C9AF8331A400E9209F0B3FF002399
:1031F00002000593984204D020008149FFF7B6FFF2
:103200000590002E0BD044231C9A1A4243D12A0069
:1032100020007C49FFF7AAFF059B1B1805930A9B1A
:10322000002B0AD0049A784B9200D258002A00D181
:10323000764A20007649FFF799FF0E9B00255A42F7
:1032400053415B421F400B9BAB4208D0049A714B29
:10325000920020007049D258FFF788FF0500079BB5
:10326000002B05D01A0020006C49FFF77FFF2D18B6
:10327000002F0CD0099B6A49002B03D0049B042B20
:1032800000D168493A002000FFF770FF2D18059B18
:10329000ED1865483FE00020644B1E688642BBD0B5
:1032A000634B28001968FCF721FFFA253100FCF771
:1032B00059FFAD006943069008003100FCF752FF4A
:1032C0000D91E1210C9009010698FCF74BFF089144
:1032D00008983C21FCF70AFFE1210F9009010698AC
:1032E000FCF704FF06900D9831006843FCF7FEFEE2
:1032F0000C9B02903C2108980193FCF733FF2000BF
:1033000000910F9B069A4B49FFF730FF84E74A482C
:10331000049D012FBDD0199B002B03D022004749EB
:1033200009F097FB1B9B002B54D01B9F102F00D93B
:10333000102720001C99FFF729FF0026B54219DC51
:10334000002633001A9A2000D25C3D49FFF70EFF99
:103350000136102E14D007231E4203D12000394914
:10336000FFF704FF3300BE42ECD320003649FFF7DD
:10337000FDFEEDE720003349FFF7F8FE0136DDE7FB
:10338000002620003149FFF7F1FE33001A9AD25C83
:103390001300203B5E2B00D92E2220002C49FFF782
:1033A000E5FE0136102E0ED007231E4203D1200069
:1033B0002449FFF7DBFE3300B742E7D8200021495C
:1033C000FFF7D4FEEDE71A9BDB191A931B9BDB1B5F
:1033D0001B93A8E7049B002B0BD01C9BDB0704D599
:1033E00020000A4A0A49FFF7C1FE20001C99FFF796
:1033F000CDFE200009F017FF11B0F0BDAB130100A6
:10340000320B0100360B010004040100240B010003
:103410005C0B0100180401005F0B0100650B01004B
:103420002D0B0100290B01003FD200000C110020E0
:1034300008110020400B010065D20000813A000015
:10344000690B0100710B01006F0B0100730B010090
:10345000750B010073B5114A04000B000568914219
:1034600000D91300052168460D4A08F01DF8060032
:10347000A36828000B220B495B6809F0C5FEA3680E
:103480003200280069465B6809F0BEFEA368280088
:103490001B2205495B6809F0B7FE73BD0F270000CA
:1034A0005D0C01009F13010083130100012310B57F
:1034B00000211C00074A904207D8074A002900D182
:1034C00001231360054B186010BD210040085B000C
:1034D000F1E7C04640420F00081100200C11002007
:1034E00070B50D0004004618B44201D1280070BD2B
:1034F00021780348013483685B689847F4E7C04645
:1035000078FE0000F7B504000D001E00019207F0E0
:1035100049FB030000F0AEFA054F32003B50019921
:103520002800A04700F0A6FA385800F029FAC04653
:103530000800000010B5034A03480021121A09F0E0
:103540000BFF10BD2C190020500800200648074A28
:1035500010B5121A064909F003FF064A0648074942
:10356000121A09F0FDFE10BD000000204C080020DA
:1035700078140100000000200000002078140100F1
:10358000F0B585B000AF0C1EB8603ED009F0B7FAB8
:103590006E468AB06D4621686268A3680893052369
:1035A00024480691059007920493A1216A46224877
:1035B0001032002389017A60F860FFF7E3FCB5461A
:1035C00009F09DFAAD46E168226963692B62052323
:1035D0001A48A9616861EA612B61A12100237A6818
:1035E000F8688901FFF7CEFCB54609F088FAE3696F
:1035F0000121134AF86809F0F3FD09F080FAA36984
:103600000121104AF86809F0EBFDBB68012B0AD1D3
:10361000EFF3058509F073FA2B000B4A0648B968E9
:10362000103B09F0DDFD2100B86806F029F9BD4620
:1036300005B0F0BDB20B010020010100E10B01005B
:10364000100C01001F0C01004D0C010030BFFDE704
:10365000F7B50A4B0A4D0600EF18CC1B2A002000D4
:10366000084901930CF0D1F960190021019A0CF07E
:10367000D5F93800083CB4660830FEBD08000000EB
:103680000000000050010100F0B5484B8BB05E68AF
:1036900000AFF305DB0D04007B6062B6444D130EF2
:1036A000FF2B0AD1F33B1340082B14D109F027FA62
:1036B000012128003F4A09F08CFD09F020FA012180
:1036C00028003D4A09F085FD00210800FFF758FF5A
:1036D000BD460BB0F0BD01233B60120702D50023AD
:1036E0000C003B60002CE8D07B68032B3BD109F039
:1036F00006FA324A0121280009F06BFDA369304A1D
:10370000934202D32F4A934205D32F4A934248D380
:103710002E4A934245D2023B1B88FF221800DF212C
:103720009043090288423CD11340022B39D109F061
:10373000E6F9236801212800254A09F051FD266891
:103740000823FD182022210028000CF05EF93A68B9
:10375000EB69002A27D0DA0502D11E4A1343EB6138
:1037600029003000B2E709F0CAF9F82252001A4BDA
:10377000164200D1194B6E468AB06A4606937B68A2
:103780001749103B079380239B0005911384154B29
:10379000049391210023280010328901FFF7F2FBE6
:1037A000B5460026CCE75B0A5B02D8E700ED00E0F7
:1037B000200101008E0C0100B90C0100F50C010084
:1037C000B000000078FD0000000000200000002094
:1037D0000C0D0100FF010000750C0100600C0100E0
:1037E000280D0100040000010821024A53698B439F
:1037F0005361704700ED00E0EFF30880EFF30981BB
:1038000001B57246FFF740FF01BDC0460A4880F38C
:103810000888FFF779F872B608480949401880F31C
:103820000988EFF314800221084380F31488BFF362
:103830006F8F09F0ABFD0000803200208025002052
:103840000008000004207146014202D0EFF3098015
:1038500001D1EFF308808169023909780229FFD08C
:1038600001B5724609F080FD01BDC04643B20006B5
:1038700005D41F221A4001239340014A1360704768
:1038800000E100E030B5FF2503220B00290040B223
:103890000240D20091409B012B40C9439340002835
:1038A0000ADBC0240A4A800880008018A40002595C
:1038B0000A401343035130BD0F2210400838054A17
:1038C000800880008018C26911401943C161F2E785
:1038D00000E100E000ED00E0FF22044B9343044AC6
:1038E0009360BFF34F8FBFF36F8F704700000000EE
:1038F00000ED00E010B5203A1360029B01245360F4
:10390000039B06499360049BA143D36080235B041F
:10391000D361002391610265C36710BD05350000C6
:1039200070B50B4B15009860826E0A4B0E001A6042
:103930002C1C86F309880020034B9847201C00218B
:1039400000220023014C2047A9D3000005350000C8
:10395000EC1800203C1100201022014B1A61704726
:1039600000ED00E0044B5A699B689A4203D0802224
:10397000024B52055A607047EC18002000ED00E041
:1039800010B5094B9B6883420BD1EFF30583002BE5
:1039900007D08022054B52055A605A6A04490A40F2
:1039A0005A620BF0C5FE10BDEC18002000ED00E0DF
:1039B000FF7FFFFF15498A6815481044EFF3098C13
:1039C000F0C043464C4655465E466746F8C072B660
:1039D000104F114E4A698A603E60104C14192068DD
:1039E0000F4C2060D06F0023D367002800D162B64F
:1039F000074C10191030F8C89846A146AA46B3469D
:103A0000BC462438F0C88CF309887047EC180020B5
:103A10003000000004ED00E0000000086800000035
:103A20003C110020F0B5C02400220326FF25A4008D
:103A300010002F003040C0008740054993089B00CC
:103A40005B1819590132B94319511C2AF0D1F0BD44
:103A500000E100E010B5EFF30583054A103BDB0001
:103A6000D118496898588847FFF77CFF10BDC046B9
:103A700020FF000001480068704700003C11002052
:103A8000F0B589B002AC07000D00019200211022B0
:103A900020001E000BF0C2FF0223A370054B320072
:103AA0002000019903930697079507F0C1FD09B01F
:103AB000F0BDC046BFD3000010B5024B1B6898474D
:103AC000002010BD40110020034B044A186002235F
:103AD00091780B439370704740110020E004002060
:103AE00007230D4910B59943E0231B06CA1880230C
:103AF0001B029A4208D2094B5B1A2B2B05D91A00DC
:103B0000074808F066FF05E000230221054A064841
:103B100009F066FB002010BDA74C002000800020AB
:103B2000441100203B0D01002001010070B54169E6
:103B30000400867A0A4D00290BD0437ADB0706D4AD
:103B40002C237343EB185B6A1B689B689847002320
:103B500063612C2373432100E8180BF055FD70BD01
:103B6000500700202C234343014818187047C046D3
:103B7000500700202C2210B5817A064B4A439B182F
:103B80009A6A197F03231B31801A9943FCF7AEFA16
:103B900010BDC046500700202C2270B5847A064B19
:103BA00062439B185B6A9C685A680C601568FFF753
:103BB000E1FF6043281870BD50070020F0B589B0C0
:103BC000050004A80193170007910BF06FFE049BFA
:103BD000059C02930394EFF3108672B66B8B002B57
:103BE00043D02A8B9A4228D900220023280006F0CD
:103BF00007FA041E21D0002E00D162B6079B002BCD
:103C000041D0029A039B04A80BF071FE2C22059B65
:103C1000049F0193A17A244B4A439B185B6A3A00A4
:103C20001B6820001D6807A9019BA8476061002848
:103C30002AD12000FFF77AFF21E0698B4B1E6B83AE
:103C4000002E00D162B603232A7FAC6A1B329A434E
:103C50002B8B5B1A5343E418134B144AEB1A9B103B
:103C60005343A3722B7FE372C8E7002E00D162B6E4
:103C70003A002800019B06F0C3F9041EBED10024BF
:103C8000200009B0F0BD63610123002520002381DD
:103C9000079B29006382E27A656018300BF0BEFE54
:103CA00063692582E360EBE750070020A38B2EBAFF
:103CB000030010B5062807D9FFF7DCFE0922074BE1
:103CC0001A500120404210BD30205843044BC01808
:103CD00009F09CF90028EFD00020F4E70C00000068
:103CE00058110020F8B53024070044430B4E083427
:103CF000A419200009F08AF9051E0ED00100421E09
:103D0000200009F05CF90028F3D0012D05D1302303
:103D100000227B43F250F6187260F8BD501100206B
:103D200070B504000E001500FFF7C2FF002301303C
:103D30000DD030336343074AD11849683160002DF4
:103D400002D00C339B182B6030236343D3581800E8
:103D500070BDC04650110020F7B50025184B0193E7
:103D6000019801225242D31709F09AFB154F3800EF
:103D700009F04CF9061E0ED001353037072DF6D16B
:103D8000FFF778FE1722104B083D1A50019809F0F2
:103D90008BFB2800FEBD30246C430121380009F064
:103DA0001FF90A4F3B19E6515E609E6220000C30FD
:103DB000C0190BF05BFB2034E0190BF090FCE5E739
:103DC000A0060020581100200C0000005011002017
:103DD000F8B53024150044430E4A1019A15045602F
:103DE000C362002D15D0EB68002B12D0FFF742FE06
:103DF0000C34A3180622084EFF323758280009F069
:103E000042FB5F2F05D0FFF735FE33585F2B00D103
:103E10003750F8BD501100200C000000F0B505002F
:103E20000C0085B0002C01D105B0F0BDEFF3108778
:103E300072B60BF043FA0023114E00900193009AE2
:103E4000019B30687168801859410E4A0E4BFDF78E
:103E5000E6FD00230D4A8018594130607160002F43
:103E600000D162B626000391042C00D90426280054
:103E7000320003A90BF0C9FDAD19A41BD2E7C0465F
:103E800000000020FDB0B087E62EBB272DF304B55F
:103E9000F8B505000E001700124C134B9C4207D3D7
:103EA000FFF7E8FD6A22114B1A500120404215E04D
:103EB0002368AB4201D0002B11D13A003100280019
:103EC000A368984700280AD0FFF7D4FD0022074BCB
:103ED0003100C2503A002800E3689847F8BD10341A
:103EE000DBE7C046A8000100C80001000C0000008C
:103EF000F0B587B00391150004A905AA1E00FFF7CD
:103F00000FFF041E1BD0049B5B6A002B1FD00122F5
:103F10005242D317059809F0CFFA0D9A049B0192EB
:103F20000C9A200000925F6A2A0033000399B84778
:103F30000400059809F0C4FA200007B0F0BD092379
:103F4000FFF798FD0124034A64421350F4E75F230E
:103F5000F6E7C0460C000000F7B507000E0015009C
:103F6000FFF7FAFE041E1BDB002D09D17B1E012B7F
:103F700006D8022E03D0012E02D1062500E011251D
:103F8000F1B2AAB2B8B201AB02F0B2FD061E0BDA72
:103F9000200009F08DFAFFF76DFD0F4B76421E50A1
:103FA000012464422000FEBD0023019843600367A2
:103FB00078300BF0E2FA019890300BF090FB062D70
:103FC00002D101980AF020F8C0232000034A019989
:103FD0001B02FFF7FDFEE5E70C0000007004010086
:103FE00000B51622FFF746FD024B1A500120404251
:103FF00000BDC0460C000000F0B585B00A9E0B9FC6
:104000000C0031000C9D0190394310D02100693122
:1040100002D021000B310AD102A80BF068FC029AF1
:10402000039B13430BD1693444D10C246442FFF742
:1040300021FD214B64421C50012040422EE0731CA4
:1040400001D17B1C11D0092000210A22801979415D
:10405000002F25D133000A3322D80023FCF78CF936
:104060002B68834200D903002B60019E983630688C
:10407000002801D005F034FF0A220023286800211F
:10408000FDF7CDFC06F020FD2B685B00642B00D90A
:1040900064232B603068002806D1002005B0F0BDF5
:1040A0000023FCF78DF9DBE701225242D31705F01C
:1040B00075FEF2E76924B9E70C0000000623FF3320
:1040C00070B5994200D199E0013399423ED2043B48
:1040D000994200D169E009D8032954D0042958D065
:1040E000FFF7C8FC5F22524B1A5049E00423FF330C
:1040F0009942F5D1012113689C880C4210D0526876
:104100001468E568EE246403254202D1046F0C4272
:1041100003D00121DC882143D9801168143111605A
:1041200004229988114202D0D9880A43DA80026FAA
:10413000520703D50822D9880A43DA80026FD207D2
:104140002ED51022D9880A43DA8029E0394B9942CA
:104150005CD0394B994255D0384B9942C0D10300BD
:104160009C331B88062B5CD19E3003885B079B0F1A
:10417000032B59D1193BFFF77DFC2D4A5B421350AD
:104180000120404204E0703000788007C00F8003B7
:1041900070BD1168036F0222490403D51A430267F8
:1041A0000020F5E793430367FAE711688B88DB0784
:1041B0001BD5536892681C68A24237D0020078323F
:1041C00022613F221D686C7B94433B3A22436A7311
:1041D00020251C68A27BAA43A2731C68184DE268C4
:1041E0002A40E2601A6814321A608B885B0703D495
:1041F0000523026F1A42D3D07820C2E713689830A3
:104200000360CDE70223026F1343CCE70023146859
:1042100019001A0009F0A5F9002800DA0948206001
:10422000BEE75F235B42A6E77B23FBE70C20A8E702
:104230000C0000001B540000215400001154000029
:10424000FF3FE0FFFFFFFF7F37B5069C0500002B17
:104250001AD1009300220023124902F0E9FC280041
:1042600078300BF08AF9280090300BF038FA2000F3
:10427000290078300BF0BBF9280009F0C5FE2000BA
:10428000903009F046F937BD002BFCDA5B426367DA
:104290000423226F13432367200078300BF078F952
:1042A000EDE7C046A3D60000030013B500219E33FE
:1042B0001B8804005B0700229B0F0091032B18D181
:1042C000002309F063FF0423226F6367134323670E
:1042D000200009F022F9200002F086FC031E06DA15
:1042E000FFF7C8FB054A5B42135001235B421800ED
:1042F00016BD002302F09CFCE5E7C0460C00000060
:1043000037B505000C1E22D103009E331B88002206
:104310005B079B0F0091032B0DD1002309F036FFA3
:10432000031E0CDAFFF7A6FB0E4A5B421350012472
:10433000644220003EBD002302F07AFCF0E7012336
:104340002A6F280013432B6709F0E7F8F1E7013CD7
:10435000FFF790FB8622034B012C00D916221A503E
:10436000E5E7C0460C00000013B5040009F07AFE32
:10437000031E07DAFFF77EFB0D4A5B421350012054
:10438000404208E023009E331B881B069B0F023B24
:10439000012B01D9002016BD636800220093200084
:1043A0000023044902F044FC031EF3DAE2E7C046AE
:1043B0000C000000A3D60000F0B5030087B0049104
:1043C000032105929E331B8804009A090A408A4201
:1043D00007D1FFF74FFB5F222E4B1A5001204042BE
:1043E00038E05B080B40022B33D0016F012B07D163
:1043F000FFF740FB7822274B4907EED5626FECE7C9
:1044000002230D001D40194214D000260027224D22
:104410006368012A20D100930022002320001F4955
:1044200002F006FC002808DA4342FFF723FB194A92
:104430001350D3E700271A4EEAE76368200002937F
:10444000009601972B00059A049909F078FE002840
:10445000EADB002007B0F0BD029320002B0000969D
:104460000197059A049909F06AFE031E04DAFFF722
:1044700001FB084A5B42DBE7236FDB07E9D4636893
:104480000022009320000023044902F0D1FB031E08
:10449000DFDAECE70C00000033D70000A3D6000001
:1044A000307500000300C02213B59E331B88040042
:1044B0001340934207D1FFF7DDFA0E4B613A1A50D1
:1044C0000120404216BD09F025FE031E05DAFFF764
:1044D000D1FA084A5B421350F2E700230022200081
:1044E0000549009409F052FE030000208342E9DAF6
:1044F000EDE7C0460C00000049420000F0B5150091
:104500000A2291B0040001267642F71709910F9212
:104510005B0602D4036F9B072FD5002600273200CD
:104520003B000CA80BF0C2F90C9A0D9B0CA806924C
:10453000079332003B000BF0B9F90C9A0D9B0A92DD
:104540000B93236FDB071BD42649E36C8B4202D10C
:10455000A36C002B14D16368002200932000002379
:1045600002F066FB031E0BDAFFF784FA1E4A5B4279
:1045700013500120404211B0F0BD00231B4AD0E788
:10458000169A6368002A22D0049300230193179B94
:104590002000009302960397130009992A0009F05E
:1045A00079FE0028E7DA0FAB010002932000069A9B
:1045B000079B00960197FFF71FFD0130D9D00A9A9B
:1045C0000B9B0CA80BF093F90C9E0D9FD8E7029360
:1045D0002A00200000960197169B099909F0FFFD1B
:1045E000DFE7C046A3D600000C000000A086010053
:1045F0000A23F0B58FB00600170001246442E517C6
:1046000009910D93530602D4036F9B0732D5002402
:10461000002522002B000AA80BF048F90A9A0B9BF0
:104620000AA80492059322002B000BF03FF90A9A86
:104630000B9B0692079300233A00300000940195EB
:104640000999029309F002FE002816DA0DAB010069
:1046500002933000049A059B00940195FFF7CCFC6F
:10466000431C0AD0069A079B0AA80BF040F90A9C43
:104670000B9DE0E70023024ACDE70FB0F0BDC04636
:10468000A08601000300F7B51600C0229E331B88E8
:1046900004000D001340934208D1FFF7EBF9284BBB
:1046A000613A1A5001277F423800FEBD036F5A0756
:1046B00004D5FFF7DFF9224B626FF2E79B070FD4B7
:1046C00001225242D31769460092019309F06AF819
:1046D000031E05DAFFF7CEF9194A5B421350E1E7F2
:1046E000200000220023783005F08AFC041E04D14B
:1046F000FFF7C0F90B22124BD3E7FFF72DFB071E84
:1047000006DA200008F009FF200002F06DFAC9E780
:1047100032002900200008F0DEFE002808D0380012
:1047200008F0C6FEFFF7A6F98622054B1A50E8E707
:10473000C02321003800034A1B02FFF749FBB3E7FF
:104740000C00000070040100F0B591B00293169BBC
:1047500005000E0003925B0616D40027036F3C0091
:104760009B0713D4013F08A90897099709F01AF885
:104770003C00031E0ADAFFF77DF9714A5B421350D1
:104780000120404211B0F0BD00273C000223169AE0
:1047900078351A400592169A01951A4223D00BAD2E
:1047A0001022002128000BF039F904236B73019BC0
:1047B0002B61012123003A00280006F0E9FD0100E9
:1047C0000B3103000B29D6D85E4ACA40D207D2D596
:1047D00001980AF025FF051E0BD1FFF74BF90B22BC
:1047E000574B1A50CCE73A002300019805F008FC1B
:1047F000F1E7C368069303690793179B002B1BD04F
:10480000189B002B18D009F0ABFF2B0036331B7818
:10481000179A9B065B0F1380069BEB60079B2B612F
:104820008623FFF727F9464A1350059B002BA7D193
:10483000280009F0F9FEA3E7002E47D0F368002B0B
:1048400002D0B368002B04D1FFF714F90C223C4BC3
:10485000C7E728000AF05EF8029B04000190984226
:1048600000D901930023019F0493002F10D1029BD4
:104870009C4203D92023B2691343B3613269002AF1
:1048800056D07169002931D00F294DD877612DE0BC
:10489000B368049A9B181968002904D1FFF7EAF855
:1048A0001622274B9DE75B680393BB4200D9039711
:1048B0002800039A09F0CDFF049B083304930028D5
:1048C00001D06923ADE7039BFF1ACEE728000AF069
:1048D00021F8029B04000190984200D9019328001E
:1048E000019A039909F0B5FF0028EAD1059B002B36
:1048F00020D1280009F098FE169B01989B0600D451
:1049000040E720003EE70733190081438C46DB086F
:104910000233DB000299D31867448B42B6D8624455
:104920001368002BEFD1B1E7531807200293F7E784
:104930007261DBE7069BEB60079B2B61DCE7C046FF
:104940000C00000081080000F0B50E0001000124F9
:104950009E31098805009C468FB0214200D1CCE0F1
:104960004907890F022900D0C9E000200021149BCB
:104970000090019159060CD4290070310F78002164
:10498000BF07FF0F7C402000002443428C4100936E
:10499000019400246346A3424BD00A9380231499C8
:1049A0005B00194009920391A6420BD0A24209D1A3
:1049B000F3681620A34200D171E0B3681A685B68FF
:1049C00009920B930027009B019C06A80C930D9461
:1049D0001A0023000AF06AFF069B079C04930594C3
:1049E0003C000A9B002B3ED0AB6F002B24D104224D
:1049F0002B6F134209D0002C35D1686F4042C4435D
:104A0000E4170440002805DA4AE00122134213D0DB
:104A1000002C28D12800169A159908F05CFD002872
:104A200000D06EE0149B9B0703D42100280009F0FE
:104A300058FC20000FB0F0BD009B019A1343029375
:104A400013D1002E1CD1149B28000AAA09A908F032
:104A500088FD23181843041E4DD1029B002B1DD046
:104A6000039B002B3DD12000C9E72800009A019B41
:104A70000CA90C920D9308F095FE0028E1DABEE730
:104A8000149B28000BAA09A908F06BFD0300241849
:104A900023430DD1009B019A134309D10B204042BF
:104AA0004342FEF7E7FF0124174A64421350C0E770
:104AB000B368FA009958091809910A99091A0A91D4
:104AC0000B990029CCD1F16801378F42CBD0083245
:104AD0009B181A685B6809920B93002A01D0002B7F
:104AE000CED1049A059B0CA80AF001FF0C9A0D9BED
:104AF0000092019375E71C00B2E70923D1E78023F8
:104B0000CFE78623CDE7C0460C000000F0B585B0A6
:104B1000141E0A9D0B9E10D004009E342488240687
:104B2000A40FA71E012F0BD8009302961300019526
:104B30000A000021FFF708FE0400200005B0F0BDC8
:104B4000012C08D100930296130001950A00002160
:104B5000FFF7FAFEF0E7FEF78DFF86220124024BF5
:104B600064421A50E9E7C0460C0000000300F0B5AB
:104B70009E331C8887B02406A40FE3B20593002956
:104B800018D08E68002E1ED0CB6804360493002304
:104B900037001D00049EAE4219D1059D023D012D36
:104BA0001BD80C1D02940C68009201940022FFF7A0
:104BB000CBFD06E01623FEF75DFF0D4A13500120E2
:104BC000404207B0F0BD0C23F5E78623F3E7EE0083
:104BD000BE590135B4466344DCE7012CF5D10C1D08
:104BE00002940C68009201940022FFF7ADFEE8E702
:104BF0000C00000010B514001A00029B06293DD0DD
:104C000008DC002941D001290ED0FEF733FF6D22C8
:104C1000294B17E02929F8D1122C49D0132C49D05F
:104C20000F21102C38D0F0E7262C24D00CDC032CDC
:104C300017D0042CE9D11B68042B0FD0FEF71AFF04
:104C400016221D4B1A5030E0272CDED11B68042B96
:104C5000F4D19E3003889B065B0F00E0436F136026
:104C600007E09E300188890921401B68042BE5D1AB
:104C70001160002010BD9C300188F6E7012CC4D1E2
:104C8000FEF7F8FE7B220C4BDCE7022C03D0212C34
:104C9000BBD10D2100E0102102F0AEF8031EE8DACE
:104CA000FEF7E8FE044A5B42135001204042E1E770
:104CB0000E21F1E71621EFE70C00000070B50400AB
:104CC00010001A00049B06295BD008DC00295FD085
:104CD000012911D0FEF7CEFE6D22384B1CE02929A8
:104CE000F8D110380A28F5D8FBF7E2F95F6163655F
:104CF000F4F4F4F4F4F422000D2819D01928E9D1C1
:104D000025009E3528888106490F0139012905D9DA
:104D1000FEF7B0FE6A22294B1A501CE0002B04D08B
:104D2000002A09D01178002904D1254B1840288089
:104D3000002070BD082B04D0FEF79CFE16221F4BEE
:104D4000EAE7100001F0AAFB031E07DAFEF792FE65
:104D50001A4A5B42135001204042EAE701F06EFA22
:104D6000002804D1FEF786FE1322144BD4E78023DB
:104D70002A889B0013432B8001F00AFBA03420708B
:104D8000D6E70128A6D1FEF775FE7B220B4BC3E7C1
:104D9000022808D00D2121289CD1200002F000F823
:104DA000031EC5DAD2E71021F7E70F21F5E713213B
:104DB000F3E70E21F1E71621EFE7C0460C000000F3
:104DC000FFFDFFFF30B503259E3000885F23840977
:104DD0002C40AC4210D0493B00290DD0002A0BD00A
:104DE0006A33C20508D56A3B012C05D1400828402A
:104DF0006A33022800D16A3BFEF73CFE024A135098
:104E00000120404230BDC0460C00000000B57922B0
:104E1000FEF730FE024B1A500120404200BDC04652
:104E20000C00000010B5024BDB68984710BDC0466F
:104E30007004010013B5040009F014F9031E07DA29
:104E4000FEF718FE094A5B421350012040420BE076
:104E500063680022009320000023054901F0E8FE6A
:104E6000030000208342EBDB16BDC0460C000000AF
:104E70004BD80000F0B585B006000F001500FEF716
:104E80006BFF041E10DB6ABA92B2F9B2B0B203AB88
:104E900001F02EFE051E0CDA200008F009FBFEF7DB
:104EA000E9FD124B6D421D5001246442200005B003
:104EB000F0BD00230398436078300AF05EFB03984E
:104EC0000B49436800220093002301F0B1FE0399CF
:104ED000051E03DA080001F087FEDDE7C02320008D
:104EE000044A1B02FEF774FFE0E7C0460C00000016
:104EF0004BD80000B4040100012082B002290FD079
:104F0000002003290CD152BA92B20130002A07D0F6
:104F1000032A05D0034B9A4202D0F63A5042504140
:104F200002B07047A4880000F0B50C008DB007AD4A
:104F30000392070014220021280002930AF06EFD5C
:104F4000A669002E05D1A020385601F077F9061E7B
:104F500049D0032330002B8001F01AFA23003733A5
:104F60001B7868609B0728D5A31CDB7FEB721A1C9B
:104F7000082B00D908222100D2B222310AA80AF057
:104F800044FDA38E5BBA6B8033681B7C032B07D177
:104F90002200023B290030002A322B8108F078FCE5
:104FA000029B1A68142A00D91422039807A90AF050
:104FB0002CFD1423029A136015E033681B7C032B2D
:104FC000EED1E368200000932369019309F0C8FB48
:104FD000A368DF68002F02D01B8A0D2B05D8009B29
:104FE000E360019B23610DB0F0BD06230AA81A00FF
:104FF000F918EB720AF009FD7B7B3A7B1B02134325
:105000006B8001232B8104AB06223900981C0AF027
:10501000FCFC064B04AA29003000138008F038FC81
:10502000009BE360019B2361BAE7C04603060000D2
:10503000F0B591B0059201225242D3170C000892AC
:1050400009930490002908D1FEF714FD7B4B173219
:105050001A500120404211B0F0BD8A68002A04D1E4
:10506000FEF708FD754B0C32F2E700231F008B6141
:10507000C96804328B426ED1059B5B0606D4049B43
:105080000222196F0B001340114269D00022002345
:1050900008920993089A099B009201930223059AAA
:1050A000049E1A400792059A78361A425ED00BADDC
:1050B0001022002128000AF0B1FC04232E616B733A
:1050C0000121009A019B280006F062F901000B31D2
:1050D00003000B2950D85A4ACA40D2074CD5300099
:1050E0000AF09EFA051E4FD0002283680092002B22
:1050F0004FD1009B06979F4200D906930023069E3E
:105100000393039AE3689A4201D2002E47D1009B91
:105110009F4203D22023A2691343A3612268002A7D
:1051200058D0636829000B9304980BABFFF7FCFE83
:105130000B9B6360206900284ED16061079B2800AB
:10514000002B6CD109F070FA059B00989B0600D5E6
:1051500081E706987FE7D800105801333F1889E7A8
:105160000421049808AA01F047FE93E73000009A52
:10517000019B04F045FFB5E7002B05DAFEF77AFC4A
:105180002E4A5B42135064E7FEF774FC0B222B4B54
:105190005EE71A8A00995B688A180092A7E7039B6A
:1051A000DA00A3689B185A680292B24200D90296AC
:1051B000029A002A07D02800196809F04AFB002843
:1051C00030D1029BF61A039B013399E7280009F0BE
:1051D0002BFA3EE76260ADE76269002AAED000219B
:1051E0000AF01CFC666900210F2E04D907239C4697
:1051F0002269002A01D16161A0E71368002BFAD06F
:1052000007331F006046DB08874302332069DB0059
:10521000D3188019C9198342EDD8D219E9E709F0EA
:105220009FFA91E7FEF726FC6922044B1A50079B70
:10523000002BCBD0280009F093FA0AE70C000000FD
:105240008108000070B504000D0001204042C11724
:1052500088B016000C9A06900791002A09D1FEF733
:1052600009FC194B79321A5001235B42180008B02F
:1052700070BD5B0605D4216F02220B001340114262
:105280001BD0002200230692079363682900049331
:10529000069A079B02920393002301930D9B320011
:1052A000009320000C9B08F0F5FF031EDEDAFEF7EA
:1052B000E1FB054A5B421350D6E70521200006AA10
:1052C00001F09AFDE1E7C0460C00000070B5150042
:1052D00001225242D31786B004000E0004920593B7
:1052E0006B0605D4016F03320B00134011421AD034
:1052F000002200230492059304980599002300904E
:10530000019102932A003100200008F09FFF031E44
:1053100006DAFEF7AFFB064A5B42135001235B42FD
:10532000180006B070BD052104AA01F065FDE3E791
:105330000C000000F0B58DB01D0003920122524216
:10534000D31704000492059302916B0605D4016FF4
:1053500003320B00134011422ED00022002304928E
:10536000059302232E0027001E4078371D4250D09F
:10537000049A059B07AD009201930021102228009A
:105380000AF04CFB04232F616B730121009A019BEF
:10539000280005F0FDFF02000B320B2A03D8244B36
:1053A000D340DB070DD44342FEF764FB214A135080
:1053B000012040420DB0F0BD042104AA01F01CFD03
:1053C000CFE738000AF02CF905000B230028EBD0BA
:1053D00000238268002A24D1039F9F4200D91F0026
:1053E0003A002800029909F034FA002817D1129BDC
:1053F000002B07D0139B002B04D029002000129A09
:10540000FFF792FD2800002E0FD109F00DF93800AA
:10541000D0E7049A059B380004F0F2FDD4E7692335
:10542000C2E7118A52685B18D4E709F099F9EEE7F0
:10543000810800000C00000037B5069D002B01D04C
:10544000002D07D1FEF716FB1622054B1A5001203E
:1054500040423EBD034C0095E46AA047F9E7C046D0
:105460000C0000007004010037B5069D024C009549
:10547000246BA0473EBDC04670040100F8B504008F
:105480000E0008F058FA070005005C37012252426E
:10549000D317380004F018FE6A88124B9A4205D1DF
:1054A000380004F0D9FD732040420DE0380004F0CC
:1054B000D3FD2368002E08D0002C10D01868836814
:1054C000002B0AD0DB699847F8BD002C07D018687C
:1054D0008368002B01D01B6AF5E70220E4E7002374
:1054E0009B68FFDEFFFF0000F0B58DB003900491D4
:1054F000002800D1ECE08C6800210368E0681D689A
:10550000AE68238A6468C918002CFAD1C9B206AA09
:1055100000F032FA071E03D1022420000DB0F0BDC6
:10552000280073689847400717D50723069E06AFE3
:1055300035781D40022DEFD0002D55D1049B390048
:1055400038331A78039800F08FFC04000128E4D166
:10555000049809F069F80024DFE70C21069A5378D3
:105560000B4205D19B06D7D413785B07DDD0D3E778
:10557000039808F0E0F903005C330600079D0593EB
:1055800001225242D317059804F09EFD6B782A78C9
:105590001B021343504A934202D03188994221D1D1
:1055A0000C21069B5B780B40082B10D1EB78A97877
:1055B0001B020B43934204D0B288D31A5A42534180
:1055C000DFB2059804F048FD002FAED1A4E70C2B04
:1055D000F7D10822B11DA81C0AF028FA434258410D
:1055E000C7B2EEE72700ECE7039808F0A4F9836957
:1055F000002B00D090E70124032D07D13900039838
:1056000000F088FC0400022800D185E70C227378A2
:105610001340082B0AD132787B68520655D51A7888
:105620005B781B0213432C4A934229D0039808F05D
:1056300087F9802307001F40184221D1069B1B7861
:105640009B061DD5FA2200235200009201930321EC
:105650003B003A00039801F0DDFC051E10D0069BCC
:1056600001009A78039808F007FB002805D02A006B
:105670003900AB68039808F0B1F9280008F0D4FFAE
:10568000072331780B40032B00D161E701257278A5
:1056900004984906C90F089B69409209203008F018
:1056A00063F97278049812072900079B920F2A3039
:1056B00008F05AF9F623049A0A9990689386C36809
:1056C0000C30C91A07F0D7FE27E79A78DB78A8E7ED
:1056D000039B9B68FFDEC046FFFF0000F0B50F256F
:1056E0008BB00C00049008F026F9002306AA5C4E4B
:1056F000AD1893732B7033680690002B06D10122EE
:105700005242D317574807F06BFE30602300363300
:105710001A789206520F032A2AD16169002904D10E
:1057200016256D4228000BB0F0BD0B009E331B8880
:105730009B091340032B38D0022BF1D10B003433DB
:10574000DA7A4031082A06D8230020002A335A701A
:105750002C300AF05AF9049B1B6819005A7C12314C
:10576000082A05D82000A31CDA7722300AF04DF968
:105770000E2306AA9B1821002200049800952032CF
:105780002A3108F069FA00230026A56805930395DD
:10579000039B002B0BD106AB06AA9B7BD27B9B18ED
:1057A0009B197D2B0AD97A25BBE70123ECE7039BE4
:1057B0001B8AF618039B5B680393E9E7002D3CD036
:1057C000274F386807F007FE386806AB997B0C3026
:1057D00007F04AFEA3683D680793E8682B8A698A48
:1057E0006A69C91A821A891A06AAD27B8A42DAD849
:1057F000891A8E42D7D8C018079A039B009607F0E3
:1058000007FE864200D08BE7280031000C3007F0FD
:105810002BFE386806ABD97B0C3007F025FE059BC4
:10582000002B0ED00E4E21003268049808F02BF9A0
:10583000051E00D076E733681D8A200008F0F4FECC
:1058400070E72200210006AB9B7B069800933B6823
:1058500020322A3100F0AAF90028E3D160E7C046DF
:10586000A0120020A8070020F0B587B0050008F0BE
:1058700062F801950400002D02D02B6810330193CB
:10588000019B023302930122200011005C3009F0D9
:10589000DFFE200001220021443009F0D9FE04215E
:1058A00005A8FEF7BBFA2300059A4133012627001D
:1058B0001A70012376424037668028003B7008F05A
:1058C0003FF8000703D504233A7813433B70A31D28
:1058D0002680A680A6871E00019F039308373B0001
:1058E00032005978013B1170019901329942F8D187
:1058F000204B0299E3812300103308221800029301
:105900000AF083F8012308220299280008F0F1FA2E
:10591000280008F010F801221C30110009F098FE50
:105920007B78013F3370019B0136BB42F8D1002DDB
:105930001ED02B681E68B768002F0CD030007B6823
:105940009847400707D5039B0022059301213000AB
:105950003F6905ABB8472B6818688368002B05D0F2
:1059600000215B699847002800D1E08707B0F0BDAF
:10597000AB68FFDE01080000F0B58BB006ABDC1DA4
:10598000002321700339039209937A2902D9002058
:105990000BB0F0BD220009A908F0FAF8039B071E1E
:1059A0001860F4D003785B075B0F032BEFD8099BDB
:1059B000029343781B079B0F42D00A22022B00D18F
:1059C000063A23789342E2D302999B1A2370029BF2
:1059D0008918099104930291039A049B53607A7881
:1059E00092092FD0012339784906C90F4B405B003B
:1059F000DBB219000831022A00D1991C23788B42AE
:105A0000C5D3029A5B1A2370029B52180992059320
:105A10000292059B039A9360237801933B785A077F
:105A20000693530F002A0FD10199029808F0EEF85F
:105A30000028ACDB019B039A9382002B1AD00BE069
:105A40000493C9E70592E4E7012B0AD1019B002BDF
:105A50009DD0019B039A9382029B039A01201361BC
:105A600096E7022B08D1019B002B00D08FE7019B0A
:105A7000039A93820023F0E7019B002B00D186E775
:105A8000029B1978481E082800D980E7FAF71AFB0C
:105A9000190B2225058130667300002308241800A5
:105AA00021001A0022E000240423002208219C4641
:105AB0000126130010000C43019D654500D266E7E6
:105AC0001CE00122002316000C24082110000225EE
:105AD000AC46F1E704240223E7E77A780C211300AF
:105AE0000B400A425CD1012418002200012605E087
:105AF00001230020042419001A000600069DAD06AB
:105B0000ED0FB54200D042E7069D6E06F60F9642B5
:105B100000D13CE77A789609F1400126314200D164
:105B200035E71207920FD440344200D12FE7002806
:105B300008D0059A1178527812020A431A498A420B
:105B400000D024E7002B84D0049B9A78DB781B02DA
:105B50001343154A934200D019E77AE70C227B7869
:105B60001340082B0ED1002604240B3A19003000F4
:105B70001300A446A0E7012200231600140004210C
:105B80001800A4E700260C00012233003000042591
:105B90009EE700230424180008211A001E00ADE728
:105BA00000230C007BE7C046FFFF0000F0B50500B6
:105BB0008BB01C0010AB1B7806AF019116000021C2
:105BC0000E223800039309F029FF2B005C33E468B0
:105BD000029301225242D317029804F075FA2B0067
:105BE000012242331B78DB095B011343237033230B
:105BF00062789A43233B13432A006370413213783F
:105C0000591C1170A3702B887B81FB817378022B48
:105C100042D17388AF885BBA9BB2BB424ED1019B25
:105C20005A78002A56D0022A4FD136495B885B1831
:105C300059424B41DBB203210C200A4061789200AB
:105C400081430A43627006AE02420ED040222178A0
:105C50000A432270002B42D001235B42338003337E
:105C60003381D3B22022934323707A427A413F2179
:105C70006378023292010B40134363702100E31CEE
:105C800032002800B78107F03BFF039B041BE41A96
:105C900063425C41E4B212E0082B0FD1330004AA46
:105CA00008335978013B117001329E42F9D1082224
:105CB000A81D04A909F0BAFE071EB0D0002402985E
:105CC00004F0CAF920000BB0F0BD0023082A04D06C
:105CD0001A00B0E701230222ADE70322ABE7019BE4
:105CE0005A78022A04D15B8832815BBA3380BCE7E0
:105CF000019908223000023109F087FE0823338120
:105D0000B3E7C0460100FFFF73B50D0007F0CAFFFF
:105D100086680400002E0DD0074B9D420AD07368A0
:105D200098470422104205D001AB1D8000212000BD
:105D30003569A84773BDC046FFFF000073B50D006D
:105D400007F0B0FF86680400002E0DD0074B9D427F
:105D50000AD073689847400706D501AB1D80022220
:105D6000002120003569A84773BDC046FFFF000031
:105D70000188064A03000020914205D09888044B10
:105D8000C018431E9841C0B27047C046FFFF0000D4
:105D90000100FFFF70B504000D00061E06D000686C
:105DA0000C300B4907F049F9C605F60F2900200011
:105DB000AB7BEA7B103108F09CF8002E07D0002C5A
:105DC00005D020680C308021490007F02BF970BD08
:105DD000FFFEFFFF70B50C0005000988FFF7AEFF5E
:105DE00001262800A188FFF78FFF200076420822B5
:105DF0002680A6800021343009F010FE2800210002
:105E0000A68707F08DFF2800034907F064FF2800EC
:105E1000014907F04CFF70BDFFFF000073B50C0097
:105E2000150089880600FFF76FFF0E4BA5809D4285
:105E300004D12100300007F073FF73BD6B460222CE
:105E40002000991DE2736DBA10300D8009F0DDFD60
:105E500021003000FFF79EFF3000A18807F027FFE8
:105E6000EBE7C046FEFF0000F0B585B003920600E8
:105E70000C0007F012FF826905000220002A3CD0C6
:105E80002F0023691C375B783800DB0993750122EA
:105E90005242D31707F033FFA368AA6919785B78D9
:105EA0001B020B433F215381AB69039A5A75236848
:105EB000AA695B788B43802B21D17E3B1375A36845
:105EC000AA699978DB781B020B439381217D2069B5
:105ED00007F09CFEA38AAA691B1AD3612369AA69E9
:105EE0001B1893610023320001200949009300F040
:105EF0004FFC380007F007FF012005B0F0BD082374
:105F00001375A168A86902310C3007F000FFDDE7C6
:105F10000000A0D0F7B50D00019007F0BEFE2B6980
:105F200004001E78022E46D1DA78002A41D13320AF
:105F300029684A788243CC2A3BD10A7860210A40FA
:105F40008A4236D16A6820881178527812020A4350
:105F500090422ED15A789B781B021343314A9342C8
:105F600027D027005C3701225242D317380007F0B0
:105F7000C6FE2000FFF7FCFE002803D0380007F023
:105F8000C2FE16E02B6901989A78597812020A43EA
:105F90002100FFF743FF20000822A968343009F0F0
:105FA00034FD380007F0AFFE20001C3007F0ABFED8
:105FB00001263000FEBD032E31D15B78013E012B5E
:105FC000F7D107005C3701225242D317380007F09F
:105FD00096FE2000FFF7CCFE0028CFD03F212A6894
:105FE00053788B43C02BC9D113786022134093425E
:105FF000C4D16B68228819785B781B020B439A42E4
:10600000BCD12000A9680822343009F00FFD051E1C
:10601000B4D121000198FFF7DDFE2E00AEE7022685
:10602000C7E7C046FFFF0000F0B50400060085B0DA
:10603000002801D003689E680021200003AA07F011
:106040007EFE0025A84209D1039B9BB21D1E05D0F0
:10605000802232259200934200D0263D002120006C
:1060600003AA768807F06BFE039B08359BB2102BC2
:106070001AD006D8012B08D0002E13D0FA22920194
:1060800008E0202BFAD03A4A04E00A2EF6D8002E77
:1060900006D0384A002328000021FBF7C0FC21E08D
:1060A000354AF7E7354AF5E70221200003AA07F051
:1060B00046FE030000200100834213D10398082804
:1060C0004BD80138072848D8F9F7FCFF043D474270
:1060D000474747472800FAF72DFD2949FAF792FA72
:1060E000FBF7BFFCFA2200239200FAF745F90525D9
:1060F000032604270190042103A8FDF78FFE0398CF
:106100000123B340013B1840019BC0B2584309F042
:10611000D9F8002C29D0236818688368002B21D077
:106120009B68984700280CD0030010331AD1331C09
:10613000042E00D93B1C013D0133EDB2DEB2002D2F
:10614000D9D105B0F0BD2800FAF7F4FC0D49C5E738
:106150002800FAF7EFFC0C49C0E72800FAF7EAFC40
:106160000A49BBE705204042EBE7A368FFDEC046D3
:10617000204E0000A861000050C30000409C0000B9
:10618000C3657845C365784452687E44E14A364425
:10619000F7B50368002104001F7F07F08EFE00287A
:1061A00030D10225236820001D7707F07EFE266887
:1061B00009F078FB00230A22FAF702F930627162D3
:1061C00026001036300007F084FE2068037FAB42C3
:1061D00017D1062D24D1062F13D00C30082107F03B
:1061E00047FE0023220002200093134900F0D0FA5A
:1061F000300007F06EFE200007F06FFE200007F071
:1062000054FEF7BD0921200007F057FE0028C8D032
:106210000A21200007F051FE06252D1AEDB2C1E734
:10622000062FEED10C30082107F02EFE00232200AD
:1062300001200093D9E7C046000010D003000020E1
:10624000834208DD013B3C305843034BC018034BED
:1062500098429B4118407047D40700201008002046
:10626000054A064B00209A4204D0054B18680028C6
:1062700000D110007047C046D4070020100800204D
:10628000B4120020F7B5104F01901600380001221B
:106290005242D3170D0007F004FE0C4B1B68002B75
:1062A00002D01C68002B03D1380007F012FEF7BDA6
:1062B000320029005B6801989847221E00D02268AE
:1062C00023001400EEE7C046B4060020AC12002004
:1062D000F0B587B003AF04000D000A22002138009A
:1062E00009F09CFB294B1B68002B0BD02B002900CD
:1062F0002A335A782C31082A40D802AB981D7A707C
:1063000009F083FB6B6909212000019307F0D5FD9B
:10631000002835D00D21200007F0CFFD002806D140
:10632000200001225242D317243007F0BAFD002C7E
:1063300029D0236829005B6820005B6898470D21FD
:106340000600200007F0B9FD002803D1200024300A
:1063500007F0BFFD002E02DA280008F065F9019B66
:10636000002B03D03100180007F07BFD7B78002B59
:1063700004D0320039002000FFF784FF07B0F0BDE1
:1063800073267642E8E76368FFDEC046AC12002061
:10639000074B984208D3074A904205D2C31A0648D1
:1063A0009B1058430130704701204042FBE7C04634
:1063B000D407002010080020EFEEEEEE37B5050000
:1063C00007F073FD0021280007F077FD00282CD18D
:1063D000281E01D02B68186808F09BFF002827D0E2
:1063E000002D20D02B685C68002C07D0A468002CFE
:1063F00004D001212800A047041E0EDB28680021DC
:106400000C3007F035FD002308202A0009490093CD
:1064100000F0BEF92800FFF7BBFE2800103007F09F
:1064200058FD20003EBD2C00EDE778246442F4E7DF
:106430000624FBE7000010D0F7B504000E0000288A
:1064400020D000291ED00800FBF7E2FA050008283A
:106450001BD8104B104F01350193019B9F4206D36F
:106460002A003100201D09F0D0FA0020FEBDA7420D
:1064700006D02A003100381D09F0D8FA002806D0CD
:106480003C37EAE716204042F0E75B20FBE7782044
:10649000F9E7C04610080020D407002070B5051E9B
:1064A00017D00D4C0D4EB44202D3022040420DE0F5
:1064B0002800FBF7ADFA231D02002900180009F09F
:1064C000C3FA002803D12000FFF762FF70BD3C34FF
:1064D000E9E71620EAE7C046D407002010080020AC
:1064E000F0B50326264D01225242D317280085B06D
:1064F00007F0D7FC08F0EEFA224C234B9C4204D361
:10650000280007F0E6FC05B0F0BD23681F683800DE
:1065100008F0FFFE002815D0BF68002F12D03B689E
:10652000002B0FD02000103008F0A0FF20002430F6
:1065300008F09CFF3B68200098472200383213780F
:10654000B34313702379002B11D122680F4B52688B
:106550009A420ED10E4A1368591C11600D4A092146
:1065600001A804F0A1FF200001A9FFF765FF3C345A
:10657000C3E7094A1368591C1160084AEFE7C0468F
:10658000B4060020D407002010080020380800209E
:10659000A8120020750D0100A41200207C0D01003E
:1065A00010B5084C084B9C4200D310BD03212000BD
:1065B00007F083FC002802D12000FFF7FFFE3C34E7
:1065C000F0E7C046D407002010080020F0B589B0DD
:1065D00004AD002200232900484803F089FB00286D
:1065E00001D009B0F0BD01225242D317444803F054
:1065F000D5FB444C444B9C420DD3444B1C68002CAF
:1066000003D000272668002C25D13D4807F0B9FCAF
:1066100009F0A4F8DCE7696863680F003C4E5F404E
:1066200028682268374214D10E03360B064309D07E
:106630001E03360B164305D00B401B0302401B0BF9
:106640001A4306D0E368019300230093A668AA6862
:10665000B0471034CEE7049BA2680293059B944692
:106660001800E2682A495040084234D102981903C0
:10667000090B01430CD060461103090B014307D0FD
:1066800002990840110019400903090B084322D060
:10669000802000056168024229D08A69039203982C
:1066A00004AA002804D0906884460398604512D15B
:1066B0000298E360A06093688B612268134B002FFF
:1066C0000FD159681A608C4200D15A60002360686B
:1066D000236003F0C1FC331E00D0336834001E0079
:1066E00091E73A605A689442F0D15F60EEE7AA6899
:1066F00020000092029A88472700ECE7F00600206D
:10670000C8060020C8000100C8000100B81200201F
:106710000000F037002200230021F0B5184C0126BC
:10672000226063600B000A001648174DA84211D37F
:10673000002916D02360626014490968081E00D041
:1067400008680025012600290ED1002D01D0236004
:106750006260F0BD416807680A433B433100103076
:10676000E4E70B000A00E7E78D68C9682B430A439A
:10677000051E00D00568010028003500E3E7C0468B
:10678000280D0020C8000100C8000100B812002038
:10679000F7B50192194A8B00060005CA0C009B0F41
:1067A000110F19408B4227D163015B0E110D194067
:1067B0008B4221D12300370093431B0387431B0BDC
:1067C0001F4319D10E4D01225242D317280003F066
:1067D000E5FA0C4B0C491F60019B0E604C608B600E
:1067E00064220023094808F030FE280007F0C9FBA6
:1067F0000749084808F069FFF7BDC046280D00208A
:10680000DC060020240D0020180D0020F0060020DA
:10681000F0040020300D002010B586B0FFF77AFF9D
:106820000822002104A809F0F9F8094C094B2000BE
:10683000039308F04EFF0123C82203A800900649E5
:1068400020005B42920003F0C5FD06B010BDC046BB
:10685000300D0020820D0100801C0020F0B50700E3
:1068600087B0049103921C00029011AB9E371978F7
:106870003B880C9AD80700D435E100290AD0002AB9
:1068800008D11500002C08D1049D002D05D17923D5
:106890005B42BEE0002CFAD000259B065B0F032B69
:1068A00007D1002D03D02C68002C04D06A68132A6D
:1068B00003D81623ECE7029C34340020029EA03655
:1068C000305607F062FB002809D160680028DEDB43
:1068D00007F05BFB0028DAD0FFF75AFD3070C023C9
:1068E0003A881340802B0AD1029880331343343006
:1068F0003B80A04203D01422210009F086F8002D2D
:1069000005D0039B002B02D1E9688B421FD10020E8
:10691000305607F03AFB041E22D1029BA0201E0035
:106920000D9A9C361A65109A5A601856348807F0EA
:106930002CFB002331786D4A009201930B00032257
:10694000039900F067FB071E1BD16923A0E7AA6823
:10695000D800121852680398013382180392D4E7C2
:10696000006801260C3006F051FB304201D1732340
:106970008EE720680C3006F049FB00123042CCD183
:10698000F5E7029BE1B2436107F0CCFE039B0600F2
:1069900098422FD31E000396002D3CD132003800C0
:1069A000049908F06FF8049000282EDB380007F0F7
:1069B000D7FE3B000624380002992A3322005C707F
:1069C00040312C3009F021F838000299BB1C22001C
:1069D000DC772C31223009F018F8029B3900DB8E6D
:1069E000B8695BBABB860E9A0F9B07F0B9FA039899
:1069F00007B0F0BD029B9E331B881B069B0F023B1A
:106A0000012BC8D80C235B420493380007F00CFE1E
:106A1000049B0393EBE72B69002B3DD068690028AA
:106A20003AD000220F282DD9362294461A18190080
:106A3000BC44059216E0012C07D1142A05D14C68FC
:106A4000002C02D18C68022C1BD00732D4080234EF
:106A50000492E400059A0C19944212D80722049C6F
:106A600094430919624614780A68A406640F022C3C
:106A7000E1D1142AE9D14C68292CE6D18C68342C58
:106A8000E3D11A0007241B18002A21D13A00012162
:106A90003C3213788B43137034000026EB689E421F
:106AA00000D383E7AB68F2009B185A680592A242B4
:106AB00000D905943800059A196807F0E3FF04909F
:106AC0000028A2DB059BE41A00D16FE70136E5E759
:106AD00010680730C1080231C90051189942D5D851
:106AE000A0431218D0E70923D2E6C04610270000C1
:106AF000F0B585B001910292039303280CD004D81D
:106B00000138012803D96A2402E00428FBD160245B
:106B10006442200005B0F0BD019B023B012B59D817
:106B2000039B002B58D001225242D3172B4803F06D
:106B3000CBFA0023A4212A480C0001255C43025B08
:106B40001540009501252A420BD05B19062BF3D185
:106B500002246442214803F07FFA002CD9D0022499
:106B6000D6E7204FA422E5190099280008F056FF27
:106B7000FFF776FB029B062BEAD02B00FF222E00AC
:106B8000A0331A70009B9E3633802000083001210C
:106B9000C01906F03DFA019B32889B01134318226D
:106BA000134333802B00029A9C331A802000012269
:106BB00058300121C019524208F04AFD0C34E01946
:106BC00008F054FC01223388009C13433380039B5C
:106BD0001D60BFE76B249BE7162499E72007002080
:106BE0005E130020C012002070B5041E19D00E4B99
:106BF000984216D30D4B984213D2060000250C364E
:106C000001225242D317300007F0F2F930006565D7
:106C1000E564256507F0F0F9200007F0FCF928008D
:106C200070BD16204042FBE7C012002098160020DD
:106C3000F0B5060099B00D910A920B939E363388F9
:106C40000400DB0700D4A5E005000C350122524208
:106C5000D317280007F0CCF93688B3065B0F0893EA
:106C6000032B00D093E0142200210EA808F0D6FEDA
:106C7000802332002700DB001A400992A0371E4211
:106C800020D10023FB560C22099915A80C9308F07B
:106C9000C5FE0C9807F079F9089B13AE33802300EA
:106CA0009C331B885BBA7380099B002802D0FFF7D6
:106CB0006FFB0300310014222000736007F0D2F94B
:106CC000061E45D10020385607F05FF903230EAEAB
:106CD0003380636A7360638C738023002B331B786B
:106CE000F37200280BD001684A7C131C082A00D9D3
:106CF0000823DAB2123111A8F37208F086FE0D9B58
:106D0000A06CE364002829D0002324491E9A029332
:106D10000196009300F032FB061E19DB0A9B0B9ACA
:106D2000134315D05834200003F0F0F9280007F081
:106D300063F920000A9A0B9B03F0C6F90B3001D1CE
:106D40007426764201225242D317280007F050F9E8
:106D5000280007F051F9300019B0F0BD23009E3330
:106D60001988023B1E88543B06931E9B8A06059396
:106D70000A4B090604930EAB029001900093520F48
:106D80000300890F3000039400F0CEF9C4E76B26AE
:106D90007642DDE709267642DDE7C04693DF000054
:106DA00070B50C00002820D0114B98421DD3114B18
:106DB00098421AD20C3001225242D3170600002505
:106DC00007F016F9142C0BD005D8013C6D3D122CA0
:106DD00006D8862503E0153C6D25052CF9D96D42B2
:106DE000300007F009F9280070BD16256D42FAE75A
:106DF000C012002098160020F7B504000D001700FF
:106E00001E00002836D01D4B984233D31C4B9842AD
:106E100030D203000C330193019801225242D31760
:106E200007F0E6F8142D0BD005D8013D122D05D939
:106E30006D24644217E0153D052DF9D88624F8E746
:106E400023009E331B889B0512D5A020205607F0F7
:106E50009CF8031E01D003685B8B3B60002E01D0C1
:106E6000042333600024019807F0C6F82000FEBD1B
:106E70006A24DEE716246442F8E7C046C012002008
:106E80009816002073B5050016001C0008F02BFCB6
:106E9000002801D00026340032002300280001A978
:106EA00002F09CFE00240600A04211D140223100D5
:106EB000019808F0B3FD0123019C0A4AE361656073
:106EC000954207D122003B321370200007F048FCA6
:106ED000200076BD044B9D42F7D123003B331E704A
:106EE000F3E7C0467006002054060020F0B585B0D8
:106EF00004000A9E0B9F1D0003910292002907D1F6
:106F0000002D05D1030036331B789B065B0F3BD069
:106F100008F0E9FB002801D000260027200007F038
:106F2000F1FB002290420ED1230036331B789B06E2
:106F30005B0F934207D00432012D04D02B003A3B63
:106F40005A4253419A00039B9A18111A914200D950
:106F50001100104B626810489A4200D10F48009609
:106F60000197029A07F07DFB011E10D0200007F068
:106F700010FC029B002B07D0A06819000C3006F013
:106F80006FFA200007F0ECFB002005B0F0BD0C20EC
:106F90004042FAE770060020500700207C070020DE
:106FA000F0B585B004000A9E0B9F02910392002960
:106FB00008D1002A06D1030036331B789B065B0FED
:106FC000181E10D008F08FFB002801D000260027E3
:106FD000A069002809D10022200000960197039B98
:106FE0000299FFF783FF05B0F0BD094B62689A4232
:106FF000F1D103685B681B691D1EECD0039B210067
:1070000000960197029AA84703008633E3D0EAE787
:10701000700600207FB5089D099E0400009302952C
:107020000396130003480A00210007F0C2FB04B0D6
:1070300070BDC046700600207FB5089D099E040003
:10704000009302950396130003480A00210007F0FD
:10705000B0FB04B070BDC04654060020A82310B594
:1070600043430348181808F0C2FA002010BDC04678
:10707000D80D0020072800D90020014B185C70476C
:10708000B013010030B589B00E4C200008F075FA3D
:1070900001225242D3170692079303920023BC2287
:1070A000094D04930293019308492B00084800946A
:1070B000D20003F07BFA002801D008F01FFB09B0D2
:1070C00030BDC046D80D0020B7EA0000A01F002048
:1070D000F00D002010B502000B00024C200002F061
:1070E0005DFE10BD8C06002010B5024802F0F8FECF
:1070F00010BDC0468C06002010B5040040220021BF
:1071000008F08CFC01204042C117FFF7E3FF054B5C
:107110001A6822605A681C60002A00D15C60FFF780
:10712000E3FF10BDA0160020F0B589B01F000EAB24
:1071300020CB04901B880791029310AB1B8805920B
:107140000693119B01930393002B08D0A02018569F
:10715000FFF774F80190119806F052FF0390012098
:107160004042C117FFF7B6FF634B1C68002C02D0EA
:107170002668002C0ED1FFF7B7FF01204042C1174F
:10718000FFF7A8FF5D4B1C68002C4FD1FFF7ACFF49
:10719000022639E0238F049A934221D123003B3306
:1071A0001B78059A93421BD1002D19D123003C3343
:1071B0001A7804231A4213D1069B618B5BBA9BB2E7
:1071C00099420DD1002F0BD102231A4208D1039B03
:1071D000002B0BD1029BE2885BBA9BB29A420DD086
:1071E000331E00D0336834001E00C2E7206B002835
:1071F000F0D006F005FF0028ECD0F1E7236B002B60
:1072000004D1FFF771FF7026764268E0019A002AE8
:10721000F7D01A009E3212889205F2D5A020185697
:10722000FFF70CF8019B8342DAD1EAE7226859683C
:107230001A608C4200D15A6000232360FFF754FF8C
:10724000002F05D0002D03D03A882B889A424DD1CB
:10725000129B079AE362139B29006363049B20003F
:10726000238723003A331A70059A5A70119B069AA5
:10727000236307F030FC061E38D1002F36D12200E0
:1072800002993C32137800292CD022218B431A39E1
:107290000B431370029B5BBAE380149B002B00D05E
:1072A0001C60012311780B43137001204042C11769
:1072B000FFF710FF104B1A6822605A681C60002A02
:1072C00000D15C60FFF710FF119806F09BFE0122D1
:1072D00003003D3420781340904318432070300061
:1072E00009B0F0BD2A218B431370D6E72000FFF7C9
:1072F00003FF162688E7C04698160020A016002037
:107300001B4B10B5040098422DD31A4B98422AD833
:1073100003003C331B78DB0728D501204042C1170E
:10732000FFF7D8FE0021144B1A68002A0BD09442B4
:1073300016D1226800290DD159681A608C4200D1FB
:107340005A6000232360FFF7CFFE2000FFF7D4FE32
:10735000002010BD0A605A689442F2D15960F0E7EB
:1073600011001268E1E716204042F2E70220FBE735
:10737000A8160020A817002098160020F8B51F00B6
:1073800006AB1E8808AB040010001A88144B9C4200
:1073900002D2162040421BE0124B9C42F9D8250035
:1073A0003C352B78DB0718D5E16260630799200034
:1073B00007F091FB0028ECD1002FEAD12B78002EAA
:1073C00007D0222293431A3A134376BA2B70E680F1
:1073D000F8BD2A2293432B70FAE70220DAE7C04671
:1073E000A8160020A81700200300F0B536331B783C
:1073F00087B09B060500059102925B0F032B0AD113
:1074000001204042C117FFF765FE2B4B1C68002C82
:1074100003D1FFF769FE07B0F0BD2900206B07F02C
:1074200082FB002836D023003B331B78032B31D15D
:1074300023003A331B78029A93422BD1238F002BDF
:1074400028D0059A9A4204D0032B02D0029B032B2A
:1074500020D123003C331B785B0713D4EB68280052
:1074600003932B69049307F07BF9FA220023280089
:10747000920007F0E5FA061E0ED1039BEB60049B19
:107480002B6107E0E669002EE8D0A869FEF780FFCF
:107490008642E3D02468BAE7636B01000093E36A95
:1074A00020001F0000231A00B8470228E5D1300051
:1074B00007F0BAF8E1E7C0469816002000230A4A10
:1074C00010B513605360094A18001100140001330D
:1074D0001060042B03D0403208001100F7E7044B82
:1074E000044A14C310BDC04698160020A8160020F8
:1074F000A016002068170020024A5378DB09FCD14F
:107500007047C04600180040F8B500250F4A0669CC
:1075100013699CB2DBB21461AB4201D1240A083575
:107520000127002C00D1F8BD3C420CD03800731963
:107530001A7E53069B0FDB00D206F318D20E904042
:1075400059681A68904764080135EAE70018004056
:10755000402310B50B4A042091690B4393610A4BF9
:107560000A4A5A8000221100FCF78CF90420FCF72B
:107570007DF90223064A11780B431370FFF7BCFF15
:10758000002010BD00040040000C00400540000039
:107590000018004010B5094B04009B181B7E00200A
:1075A0007F2B09D95A06920F944205D1D806C00EF6
:1075B000401A43425841C0B210BDC046A81700202F
:1075C000F0B585B003933D4B009242019B185B5C84
:1075D00004009C46FF2B00D16DE0624601239340DE
:1075E0000193D3100293072313409B00EFF31086FF
:1075F00072B60227324D2A78BA432A70314A624461
:10760000177E7F2F13D97A06920F824203D1FF068D
:10761000FF0E8F420BD002232A7813432B70FFF703
:107620006BFF002E00D162B6102040423BE0254A9D
:107630000A98E700B8500B98D71978601F200327E5
:10764000084080213C404942014364010C436244AC
:1076500014760F249C40029A00989100184A8918C9
:107660008A69A24304280CD8F8F72CFD0307091FE8
:10767000210001209840024303E00220FAE79F40E6
:107680003A430398002802D008209840024302237E
:107690008A612A7813432B70FFF72EFF019B2B6121
:1076A000002E06D0002005B0F0BD0420E2E7052042
:1076B000E0E762B6F6E78620B7E7C046B8130100F8
:1076C00000180040A8170020F7B51E4B42019B1878
:1076D0005C5C0E000190FF2C31D0EFF3108772B686
:1076E0000222194D2B7893432B70FFF705FF2200E0
:1076F00031000198FFF74EFF002814D07F200122AF
:10770000124BA2401B19197E014078381976E310FC
:107710000440A4000830A0409B005B199969814394
:107720009961AA602A6102232A7813432B70FFF71C
:10773000E3FE002F01D00020FEBD62B6FBE78620ED
:107740004042F9E7B813010000180040A8170020D4
:107750000B4B42019B1810B55C5CFF2C0BD0220038
:10776000FFF718FF002809D00123A3400020054A95
:107770001361D36010BD86204042FBE71020FBE779
:10778000B8130100001800400B4B42019B1810B5C4
:107790005C5CFF2C0BD02200FFF7FCFE002809D018
:1077A0000123A3400020054A9360136110BD862089
:1077B0004042FBE71020FBE7B8130100001800402F
:1077C0000022F0B50100012410000C4B0C4E1D6985
:1077D000B3181B7E7F2B0CD95F06BF0F8F4208D1D9
:1077E0002F00D740274204D02700DB06DB0E9F4046
:1077F00038430132102AEBD1F0BDC04600180040DA
:10780000A817002070B50E00142810D80A684B681D
:10781000084D4400285D00212D19FAF700F90023D6
:107820006A78F8F7A9FD30607160002070BD1620FD
:107830004042FBE718140100002210B504001100BB
:107840001720FCF71FF81720FCF710F86368702466
:107850001968074B1868074BC00E1B689A061B0176
:107860002340520F1202034313430B8510BDC04641
:107870002060800024608000F0B5436885B00390EC
:10788000029348880D001C6800283ED0830B022B11
:1078900048D0032B04D0012B10D01626764205E0E9
:1078A0008004800C4028F8D8461E2DD20121574A6A
:1078B000574805F08EFC300005B0F0BD8004554AF5
:1078C000800C00230021FAF7AAF806000F008019A7
:1078D00079410027029B9A693B005608801979413B
:1078E000F8F76EFD00900191B94201D101281ED92F
:1078F000009A019B01204042C11712184B41002BF6
:10790000CBD116003F2AC8D8F0B2E070200007F0B3
:1079100031F96878013805282BD8F8F7D3FB322ADB
:107920002A23340AFA228004800C9200C9E7019EBF
:10793000EAE7042362789A4208D06370200007F0D7
:1079400019F90122039B1B69AC331A702878063899
:107950000A2843D8F8F7B6FB4642424419423A4255
:107960003D423F0004232C4A116C0B4313648023D7
:10797000E0E72A4A16260121254805F02AFC76422E
:1079800099E78223D6E70323D4E7802676041F21D4
:107990006B792A790B401E43920626D5F8210123E4
:1079A000AA79490112020A401643A2881343A38010
:1079B000200007F0DFF82000266107F0DBF86B7984
:1079C000182B19D0192B1DD0002674E78026B60479
:1079D000DDE7C026FBE78026F604D8E7104AC9E7B2
:1079E0000026D4E7F0263605D1E7C022520116431F
:1079F0000122A3889343DAE70223074A116C0B4361
:107A00001364E1E7044A0423116CF8E7980D0100C0
:107A1000C800010040420F0000080040C30D0100F3
:107A2000E30D0100F0B5076985B0403706000D0091
:107A3000039701225242D317039802F045FB736863
:107A4000346918686B7C0A2B0CD9564A01215648B8
:107A500005F0BFFB16246442039802F0FDFA2000F3
:107A600005B0F0BD83708278032B0FD81B01134340
:107A7000DBB283702B7C0A2B1ED00C2B24D0082B5E
:107A80002DD16B7C002B04D0484ADFE74023134301
:107A9000EFE7302382881343838007F06BF86B682D
:107AA000002B02D05A1E13421FD00121404A3E48EB
:107AB00005F08FFB8624CEE76B7C002BE4D13023CE
:107AC00082889A43103BE6E76B7C3021002B03D081
:107AD000828810238A43DEE783888B43DCE7012119
:107AE000344A314805F07CFBB4E72B680221002BB7
:107AF00002D0998901314900EB688B4218D32200EA
:107B0000AB68A4321360536023002A00743343CA65
:107B100043C3002603CA03C326672B68B3420FD1B1
:107B200023000222A0331B685B681B681A732CE0D9
:107B3000214A00911C48012105F05BFB0C248AE7D7
:107B4000250088352A0083CB83C21B68136023007D
:107B5000983365671E80903B1F002B68002BDFD099
:107B60003100200005F054FA310063220023286818
:107B70008018594164220023F8F722FC002200906B
:107B800000233800019103F0C9FA2000012252427B
:107B9000D317583002F098FA002800D02067246FDD
:107BA0005AE7C046020E0100C8000100170E01008E
:107BB000640E01003F0E0100860E0100F7B5456816
:107BC0000669AA68E96813682C680B431360F02201
:107BD0003F212B6912011B021340AA8A07000A40A9
:107BE00013438022D20113431C4A0021538068684A
:107BF00001AA07F00AFA00282EDB019B002219795E
:107C0000186801F00BF9002826DB0721AA8BA3884E
:107C10000A40134912020B4013432000A38006F0D0
:107C2000A9FF0F23A375237638002B6A98473200EB
:107C30000123A032E375176013732278DB18134316
:107C40002000237006F096FFB36C002B03D13000A8
:107C5000403002F001FA0020FEBDC046000C00409A
:107C6000FFF8FFFF10B5084807F053FB002808D0C5
:107C7000064C2000FBF728FF2000FAF73FFE00200B
:107C800010BD13204042FBE778FE0000917C00000D
:107C900070B50400074D0A2804D1AB680D212800F7
:107CA0005B689847AB6828005B68E1B298472000A2
:107CB00070BDC04678FE0000F0B585B01700029395
:107CC00080234668026975680C006918403109789C
:107CD00050603548C9B23840DB0398421FD080233A
:107CE0009B039F4202D01620404216E00123994395
:107CF0000391307A2100FFF747FD03001022103373
:107D000093430AD12100307AFFF7DEFC002804D12A
:107D10006B462D191B7B40352B7005B0F0BD8807D5
:107D200040D528680123E04018423BD118000843A1
:107D300061086918039030310F201C4228D00B785D
:107D4000184008708021029BC9048B4224D0C021B6
:107D5000C9048B4224D0802189048B42C3D1802363
:107D60000121DB039F4200D1033193680120E340EE
:107D70000340307A01920D4A00920A002100FFF779
:107D80001FFC0028C9D12100307AFFF7E1FCBDE7D4
:107D90000B7883431800D4E780230021DB03E1E75D
:107DA0000221E2E786209FE7FFFFFFFE77ED00005C
:107DB00010B5046808072368174A400F01381340BC
:107DC000032826D8F8F77EF9020D131C2360200043
:107DD00006F0EAFFE8232000E36006F0E5FF00205C
:107DE00010BD2360200006F0DFFF3423F3E790226C
:107DF000520413432360200006F0D6FF074BEAE746
:107E00008822920413432360200006F0CDFF044B28
:107E1000E1E786204042E3E7FFFFCFFC0B160000BE
:107E200030300408F0B585B000AF3B604368B860FF
:107E30000E00FA6004691D6801225242D317200027
:107E400002F042F92300FA6840337B601A70FB6845
:107E5000E663002B01D11D0069E07368002B04D19B
:107E60000122337A134200D075E083232B752B76E1
:107E70003A4B28006B8306F097FFE36B1A68226386
:107E80005A6862630022A2633A681B7A5600012294
:107E9000134207D06B681643314A280013406B60C9
:107EA00006F082FFE36B1B7A1B0702D580231B02BF
:107EB0001E43EFF31083FB6072B628006E6206F07B
:107EC00073FF80230122AB75E36B1B7A134235D01D
:107ED0000223AA75AB75FB68002B00D162B62000A7
:107EE0000023204A183002F0EFF800281DD1A16BC2
:107EF000002925D002220B000B251340114215D179
:107F0000BA686D468AB010686A4607918021164E9D
:107F10008900059606901184144904919121144812
:107F200010328901FBF72EF8AD4605256D42200081
:107F300002F092F82800BD4605B0F0BD0123C9E764
:107F40007B681B78013BDBB2FB60FA687B681A70C8
:107F5000E66B0C367BE71625E8E7C04643040000D5
:107F6000FFFFFBFF88130000EF0E0100040000017B
:107F7000E0000100F0B546680369F26885B0316938
:107F80000193136835680B431360F0223F21736936
:107F900012011B021340328B07000A401343802258
:107FA000D20113432F4A0021538083232B7570681D
:107FB00003AA07F02AF8041E44DB039B0022197968
:107FC000186800F02BFF041E3CDB274B28002B60B9
:107FD00006F0EAFE80235B006B60280006F0E4FEFA
:107FE000B368224A0621934209D02ED8204A043988
:107FF000934204D01F4A99184B425941890078682E
:10800000FFF7D6FE041E2AD101220198110007F0C5
:108010001FFB019801222100183007F019FB3800DE
:10802000F369984702232A68280013432B6006F05F
:10803000BBFE30236A8B28009A43203B13436B839B
:1080400006F0B2FE200005B0F0BD0B4A08219342B5
:10805000D5D00A4A02319342D1D00021CFE78624FD
:108060006442EFE7000C00401400007040420F0033
:10807000A086010080E5F9FF40E13300404B4C0051
:10808000F8B505006B6800691B684A4E197EC9B2D5
:1080900019766A681468678B3A00324037421AD101
:1080A000456B012D2ED0CC0751D5002D42D1832216
:1080B0001A75020040321278012A06D9C26B117A71
:1080C000890702D4127D520704D4C0225968920253
:1080D0000A435A6012E0638B2D692000AB63364B74
:1080E000638306F061FE83232375237E9B0704D000
:1080F000C02362689B02134363602800183001F0BC
:10810000ABFFF8BD040040342478012CCBD9C66BFA
:10811000347A367DB446042667463E40022727401F
:108120003E4367467C402C403443BCD18A07E8D0AC
:108130002A00B8E7016B283309781970036B013303
:108140000363436B013B4363002A1DD1D9E78907D1
:10815000FAD5002A0BD1012D09D180215C68C90212
:1081600021435960C0215C688902214359601C0089
:108170002834016B24780C70016B01310163416B71
:1081800001394163002A0FD0C36B01001A000C3281
:10819000C26340310A78013A0A70DA6802631B69E7
:1081A000436300238363ACE70029AAD183221A75B5
:1081B00090E7C04647070000430400000369002918
:1081C00004D0012907D002204042704704495B5A7D
:1081D00000201360F9E7FE2189005B18F8E7C0462C
:1081E000F2030000F7B5324F06690193F35D040016
:1081F0000D008B4219D0012953D002290BD00E2239
:1082000000290DD02B480B002B4A012104F0E8FF78
:1082100086204042FEBD53222F2100F04BFD382224
:108220002C21200000F046FDF55501251F272900CF
:10823000200000F00FFD214B3840C3402A009A4334
:10824000F5D02000082106F0E7FD0F21200000F006
:1082500001FD2000192106F0DFFD0F21200000F0B4
:10826000F9FCF6239B00F518280001F04FFF019B55
:1082700020001A7CD96800F06FFD200006F0B6FEE1
:1082800001225242D317280001F01EFF8023DB0099
:10829000F35C0020033BDBB2042BBBD8084AD0566A
:1082A000B8E700222F2100F005FD0022B8E7C04604
:1082B00001040000E8000100260F01000000028018
:1082C0004214010070B5051E3AD003681D4A1B68B0
:1082D0001C695B68A61849331B78002B03D1082161
:1082E0003000FBF79BFD032316492800625C9A438C
:1082F000013B1343635408220123310005F0F9FDCB
:10830000FC2325609B00E35C072B15D10E4BE35A41
:10831000012B01D0042B08D1FD23A0229B001203C6
:10832000E2502800FDF7A0FA70BD202BF9D1FD2303
:10833000C0229B009202F3E7FD23044A9B00EFE773
:108340000369FFDE02040000F20300000B001A00C4
:1083500010B50400022904D0032916D0162040428B
:1083600010BD13782E21002B0AD000F073FC0822D8
:108370000243D2B220002E2100F09CFC0020EFE747
:1083800000F068FCF7220240F4E713780169114A13
:108390008B541721002B0ED000F05CFC022202430C
:1083A000D2B21721200000F085FC2E21200000F021
:1083B00051FC1022DCE700F04DFCFD2217210240A9
:1083C000200000F077FC2E21200000F043FCEF227B
:1083D000D9E7C0460F04000070B50A4B02691621A8
:1083E000D45A0500013C00F035FC63425C41032394
:1083F00002349843044316212800E2B200F05AFCEC
:1084000070BDC046F20300000300F7B50A001979F9
:10841000DB88006813431D0082680F4C944625409A
:108420000269A54202D1C024240363400B4C1C40C6
:1084300001941F290ED801273D0016688D40340095
:10844000AC433B4201D034002C43634614601B68AC
:10845000019A9847F7BDC04601001000FFFFEFFFEB
:10846000030070B50C00DA88197940231A400068BF
:10847000224383689C69002C12D01F2910D8130254
:1084800008D501238B4005692D681D4202D0C02309
:10849000DB045A40B025034B6D0413402A40A0472B
:1084A00070BDC04640000006FC23F0B505699B0086
:1084B000EB5C0600A7B0032B0DD03F4BEC5C3F4BB1
:1084C000EB5C002B0ED1042C0CD83D493D4806F046
:1084D000CFFC27B0F0BD05AC2100022200F018FC53
:1084E0006478ECE7621D05AF39003000D2B200F0CD
:1084F0000FFCFC239B00EB5C032B14D03A1913797F
:10850000D0785B065B0F03932F4B3F19E8542F4E37
:10851000BB78AB55294BEB5C002B12D1039B072B8F
:108520000FD12B49D2E70221300000F093FB400924
:10853000C3B206213000039300F08CFB1F231840C8
:10854000E2E7012C01D9023CE4B2002200232868B2
:1085500000920193002321001A00FEF76DFD071E13
:1085600001D11C49B2E70E2183682200D86802AB12
:10857000C91807F04AFAB86821000C3004F074FFFB
:108580003A00AB5D3832137013490F4B6956EB5C00
:108590005B18AE33191C9BB2FE2B00D9FE21517023
:1085A0002868390005F021FC002800DB91E738003D
:1085B00006F03AF88DE7C0460E0400000F040000F4
:1085C0003F0F0100E80001000B0400000A04000056
:1085D000570F0100680F01000C040000F8B50500FA
:1085E0000427F021890001225242D317681801F0B4
:1085F0006BFD0F21686800F02DFB040038420BD0A2
:10860000FC239B00EB5C032B06D01F4A01230021B7
:108610006868AA1800F0D4FB2407E2D56C68012131
:10862000200000F017FB1F232669184019280FD1DE
:108630000221200000F00EFB80234009DB00F054F3
:10864000283BF01801F008FD200006F003FCC8E705
:10865000FC239B00F35C032B03D02000FFF724FFD7
:10866000BFE70121200000F0F5FA1128F9D0092117
:10867000200006F0D1FB2000FFF716FF1621200096
:1086800006F0CAFBADE7C0460E040000FC22F8B5B8
:10869000036992009A5C06000C00072A51D1364FFC
:1086A000DB5B012B5AD0042B06D10A2958D80C25A4
:1086B000002C14D1043D12E01C25202B0FD10329DE
:1086C0000DD92E4A0B002E48012104F089FD072CFC
:1086D0004ED916204DE025006B1E9D41AD000C21AA
:1086E000300000F0B7FA3F2398430543EAB20C216B
:1086F000300000F0DFFA3000FFF76EFE3269D35B26
:10870000012B14D12300591E8B41643B1D49535446
:108710000821300000F09EFA1F2302009A432243F2
:1087200030000821D2B200F0C5FA002022E0042B6C
:1087300004D12300591E8B41623BE7E761235B4272
:10874000E4E70B000B3B0F2BE2D90C4A0B000C4863
:10875000012104F045FD0A2C0AD9BAE70A29BAD941
:1087600001212300054A064804F03AFD1A2CB0D82E
:1087700086204042F8BDC046F20300007F0F010092
:10878000E80001000C040000F0B593B0036908AFE5
:10879000FB60436804007B60FB685860F622FB685E
:1087A000920098180021012206F052FFF022FB6887
:1087B000920098180021012206F04AFF6568286897
:1087C00006F0D3FB002806D1A649A74806F050FBC7
:1087D000A649A54894E0802128004902FFF714FE2D
:1087E000B8212E002800C904FFF73AFEA868083611
:1087F00006F0BBFB002801D19D49E6E7B02130001F
:108800002E004903FFF700FE2869103606F0ADFB85
:10881000002801D19749D8E7B02130004903FFF77C
:10882000F3FDA869002827D02B001833BB6006F0A1
:108830009CFB002801D19049C7E76E46AB69320026
:108840001B6888B0B36180239B008C49B3838C4B39
:1088500071613361E6210023834810324901FAF740
:1088600091FB8021B8684902B546FFF7CDFDB821DC
:10887000B868C904FFF7F4FD286A002822D006F082
:1088800074FB2E00030020367748002B01D17D4970
:108890009CE72B6A6D461B682A0088B0AB61802379
:1088A0009B007649AB83764B69612B61E6210023FF
:1088B00049011032FAF766FB8021AD4630004902CB
:1088C000FFF7A2FD6568A86A06F023FD00281ED107
:1088D0006C46AB6A88B01B682200A36180239B00B2
:1088E0006949A383664B61612361E2215E4D0023E8
:1088F000280010324901FAF745FBA54628006349D4
:1089000006F0B6FA05204042BD460BB0F0BD2B0084
:108910002C331B7D002B04D0686B06F026FB00284F
:10892000D6D0636820002569BB601F2606F041FB96
:1089300008220221200000F0BDF90121200000F0F2
:1089400089F930400828F3D11C212000FC2600F0D2
:1089500081F9B600A8551D21200000F07BF94C4B91
:10896000E854A85D0B284FD8F7F7ACFB4A4A4A4CAD
:108970004E4E4E504E4E4E065E23FC26454A5B42FE
:10898000AB5403210022200000F094F9B6002E22FF
:108990000421200000F08EF9AB5DA0220A2B00D14B
:1089A000203A0C21200000F085F9AB5D072B07D1A0
:1089B0002000FFF711FD00221421200000F07AF9B9
:1089C00002220026344B0E21EA54344B2000EE5490
:1089D0000A3200F06FF901221100BB681B7999403F
:1089E0000B002F492B61E9602900BB68083118682A
:1089F0008368DB69B3420BD12A491B4806F038FA79
:108A00002949E6E65B23B8E75A23B6E76423B4E7CF
:108A100098470028F0DBFC6818340E220020002163
:108A20005242FD68069007910496039202960196C1
:108A3000FA68A0350092C822290020001B4B920042
:108A400001F0B4FD14217B68194A48331B7878186B
:108A50000D0002F029FD2000791906F04AFE3000D1
:108A600052E7C046960F0100E800010047100100E0
:108A7000B00F0100CC0F0100E80F0100031001004E
:108A8000030000012C1001006010010078100100AB
:108A90000D0400000C040000010400000F0400009D
:108AA0005DEF00008F100100BA100100DD850000AD
:108AB000AB100100F0B589B00369446800AF3B60BA
:108AC00023007861B96150331E78012E07D100224E
:108AD000052100F0EFF80020BD4609B0F0BD52209E
:108AE0002056F8F727F82300F86151331B785BB262
:108AF000012B05D1802212069446FB696344FB6179
:108B0000230054331B785BB21800FB60F8F712F8AF
:108B10002300386153331B785BB2012B05D18022CF
:108B200012069446FB696344FB61F9693869F7F7FB
:108B300061FE051C3000F8F741F8FE218905F7F7C2
:108B400059FE011C281CF7F77BFC0021B860F7F7E1
:108B50009BFB002802D0FE239B05BB60B869F7F79A
:108B6000E9FFF969F7F796FB7860002849D06E466F
:108B70008CB0344BF8690593BB690693F8F776FD22
:108B8000089009913869F8F771FD08230A900B9154
:108B900004936A4600232C482C491032FAF7F2F964
:108BA000B546F869F7F7A8FF03B2BB61B869F7F7F4
:108BB000C1FF3969F7F71EFEB968F7F741FCF7F70F
:108BC0009BFFC317C0185840230050331B78C0B216
:108BD000984201D3013BD8B2E36C3A681C5CFC2399
:108BE0009B00D35C072B08D00521786900F032F890
:108BF0000F231C4098430443E4B222000521786906
:108C000067E7BB69FA689342D0DD6E468CB0104BC3
:108C1000F8690593BB690693F8F728FD0890099158
:108C20003869F8F723FD08230A900B9104936A46EC
:108C30007B68054805491032FAF7A4F9B546FB6888
:108C4000B3E7C046D3100100E8000100C0400000B7
:108C50000511010070B58EB06B460F25DE1D002397
:108C60006D442B70803B0B430E22337004AB069394
:108C70000AAB01240893022340686A440A92283010
:108C800008AA06A90496059407940B940C950D94D4
:108C9000099306F06EF9002805D03378034A2100C5
:108CA000034804F09DFA28780EB070BD5011010001
:108CB000F000010070B58EB06B46DD1D9E1D9A71EF
:108CC00040235B420B430F222B700AAB0493022319
:108CD000012440686A440593069206AB283008AA2E
:108CE00004A90A950B940C960D9407940893099483
:108CF00006F03FF9002805D02B78034A21000348ED
:108D000004F06EFA0EB070BD80110100F000010099
:108D100010B58AB06B46DC1D202302942370012419
:108D2000406802AB0493069106AB0792283008AA6C
:108D300004A9039405940893099406F01AF90028ED
:108D400004D0034A2100034804F043FA0AB010BDDE
:108D5000AD110100F000010030B58FB06B465C1D15
:108D6000602340682370131C7D2A00D97D23DAB26A
:108D70006B46DD1D931C2B700D9208AB6A46029367
:108D800003230894012406320C910393049204AB4C
:108D9000283006AA02A909940A950B940594069313
:108DA000079406F0E6F8002804D0034A210003489F
:108DB00004F00FFA0FB030BDD1110100F000010036
:108DC00070B590B06C46E51DE1710B2400216C4438
:108DD000217008940A950124022508A9406804918D
:108DE0000CA903AE0E920691283006AA04A9099494
:108DF0000B9405950C960D950F93079506F0B9F811
:108E0000002804D0034A2100034804F0E2F910B01E
:108E100070BDC046F2110100F0000100F0B5040081
:108E20001F27890085B04518AC4202D1002005B04B
:108E3000F0BD0F2023680D491A0C024092005158D2
:108E400030301A0D1E013A401840760F012E04D121
:108E50001B0F1B0403434020184301AB0390180071
:108E600001910292043404F00EF9DDE75806010086
:108E7000F0B5456803692A6987B069690393136887
:108E80002C680B431360F0223F21AB690290120162
:108E90001B021340AA8B20000A4013438022D201F8
:108EA00013432B4A5380BF23237506F0C1F8AA68E9
:108EB000284B20001343236006F0BAF80021686AAB
:108EC00005AA06F0A2F800283DDB059B00221979CF
:108ED0001868FFF7A3FF002835DB039A1E4B20001C
:108EE0005360013BFF3B636006F0A2F869681B48D2
:108EF0000B0B0A050021801859410023184AF7F787
:108F00005FFA01267642F71700900191009A019BC3
:108F1000B6185F41002F18D1124B9E4215D843421C
:108F20009BB22000A38106F083F86B68039A029835
:108F300013602B6A984702232268200013432360A2
:108F400006F076F8380007B0F0BD22204042FAE77C
:108F5000000C0040040000600001030000366E01B8
:108F6000006CDC02FEFF0000F0B5476803693C6856
:108F700087B020000D00009306F05AF80222236803
:108F800020009343236006F053F8EA79002A16D1B3
:108F9000009BDA712B7921686668012B12D0022BB5
:108FA00012D0002B0BD1B204D20F04921A000098F9
:108FB00003716B79012B0AD00120032B08D0862086
:108FC00040425CE00493F1E704920122EFE70020C5
:108FD000059000984371AB790193042BEFD80300FF
:108FE000019812069871284BBF6819401143200060
:108FF000216006F01DF80721059B20009A01019BC6
:109000000B4005330B40134301221740049A3F02E3
:109010003B43520313431D4A32401343360C9BB269
:1090200036041E43666006F003F82B68184A190BD5
:1090300018050023801859410023164AF7F7C0F994
:1090400001267642F71702900391029A039BB61805
:109050005F41002F15D1104B9E4212D843429BB264
:109060002000A38105F0E4FF2B68009A2000136024
:10907000022322681343236005F0DAFF380007B0AB
:10908000F0BD22209CE7C046FFFFFFF0B8DEFFFFE7
:1090900000366E01006CDC02FEFF0000F0B51E0021
:1090A000436887B01B680390029204938B880F007B
:1090B00004699B0429D4200001225242D3171030A6
:1090C00001F002F86760039B58681B690568059307
:1090D0001B689F4200D178E0BB881A051CD501218E
:1090E000A24AA34804F075F886256D422368002B38
:1090F00002D09B889B0405D40023636020001030BD
:1091000000F0AAFF280007B0F0BDA369002BD2D160
:1091100063689942CFD1D6E7DA07E5D40C22590724
:10912000C90F09070A439907C90F49070A43D90616
:10913000C90F89070A4341680A4300921A070AD5F2
:109140003321009A00981202120E8A4389491204B0
:109150000140114300910222009911430091FC212A
:10916000FE32C9000B409342BED139688248F6F7FF
:10917000BDFF421EFF2A53DDFF2301932B68009A97
:10918000934208D180236A689B029A4203D12B7BC9
:10919000019A9A4217D002222B68280093432B6031
:1091A00006F01DF880239B0228006B6006F017F87C
:1091B0006B461B7928002B7306F011F8009B2800E2
:1091C0002B6006F00CF8059B1F60206800280AD071
:1091D000037D002B07D00121083006F036F8236804
:1091E000186906F06FF8029D2B1E009502D05B688F
:1091F0002D680093371E019602D07368376801937B
:10920000019A009B39009B1A2A000593009B002BB2
:1092100002D00598834208D1039B5B681E681DE05D
:10922000D343DB171A400192A8E750688446486888
:10923000844500D0A2E00832013B0831E7E72B6803
:10924000002B1CD13900300005F0D7FF009B0835FA
:10925000013B0093019B0837013B0193009B002BCE
:1092600002D0019B002BEAD1009B002B28D1019B4F
:10927000002B39D12368002B65D1002536E76968BA
:109280003A685918002A0CD1994203D1300005F0F0
:10929000ABFFDBE71878327ED207FCD5B062013332
:1092A000F2E778680028D1D09942EFD01878B06200
:1092B000307E4007FCD5B06A013310700132F3E70D
:1092C00029686B68CB188B4207D1300005F08CFF02
:1092D000009B0835013B0093C6E70878327ED20731
:1092E000FCD5B0620131EEE73D003900300005F0F9
:1092F00084FF019B0835013B2F000193B7E73368DA
:10930000E364002B50D073684FE0626CC700D21941
:10931000526801309B185AE0E06C0590C800844602
:109320000598013160444068121855E0A36D002B88
:1093300079D00133A36576E0236E002B00D193E052
:109340000133236690E01A7D002A96D09988802206
:109350000D005201154011428FD1186905F0B2FF7E
:1093600020682900083005F070FF86E738120100F8
:1093700030010100FFFF00FF00366E016564002D23
:1093800001D0029B5D6823004433009304330193B2
:1093900014331A0001990098A564029305F040FF68
:1093A000A065002EABD1E6640023236525002300D1
:1093B00026004C33503564362900180032000393E0
:1093C00005F02EFF002320661800A16C236488425C
:1093D0009BD100221100276DB9429DD1934200D24A
:1093E00013006365A26D131E04D00023E16D994242
:1093F00000D01378049A127ED207FBD5049A9362A8
:10940000E36D002B0FD0013BE365002B8ED1636C25
:10941000029A08336364A36C0199013B0098A3642A
:1094200005F0FEFEA065049B1B7E5B07FBD5049B3D
:109430009A6A236E002B03D0616E002900D01A7047
:10944000636E002B10D0013B6366002B00D073E7E6
:10945000E36C32000833E364236D2900013B039879
:10946000236505F0DDFE2066E36D002BBAD1636E47
:10947000002BB7D1FEE6C046F0B5446887B0E2687D
:109480002169136826680B4305691360F0223F21A8
:10949000636912011B021340228B00AF0A40134381
:1094A0008022D20113433C4A3000538001223368AA
:1094B0001343336005F093FE8F233000337505F0BE
:1094C0008EFE14230021A068FA1805F09EFD0028E6
:1094D00030DB7B69002219791868FFF79FFC0028B0
:1094E00028DBAC68EA68AB68D2009B189C4204D3C6
:1094F000280005F0C0FE00201CE0206805F009FFF0
:109500002179031E206818D16C468AB000686A462B
:1095100007918021214D89000595069011842049ED
:10952000049191211F4810328901F9F72BFD132076
:10953000A5464042BD4607B0F0BDE28883680126DB
:109540009C460369FB60D0235B035340324202D147
:10955000B0235B031343144A1A403A601F2918D8FA
:10956000FA6812687A6001228A40BA60BE687A6836
:10957000B2430126334202D0BA687B681A43FB68C3
:109580001A6063463A681B6898470028D2DB0834A3
:10959000A8E71620CDE7C046000C0040521201009B
:1095A0000400000130010100FFFFEFFF30B50E495C
:1095B0008C680D688B68002800D003600B4A126825
:1095C000002C00D11400002B00D113000848ED033B
:1095D00001D49C4203D20468A4180460096800689E
:1095E0008018C01A30BDC04610E000E0E818002026
:1095F000DC18002010B50020FFF7D8FF014B1B68D6
:10960000C01810BDE0180020F7B52C4B00271968D2
:109610002B4B0E001C685D6802003B00A4197D41C5
:10962000A4185D41274B1A68A24202D15A68AA4287
:1096300042D01C605D60244B1A00984203D81C1A6B
:10964000A14200D80A189625204B6D011E6855438B
:10965000FFF7D0FF0024831B9D4206D980232D1ADB
:10966000AC195B049C4200D3194C1A4B1B68A342F3
:1096700006D9194A117800291ED11C000131117038
:1096800001A8FFF793FF0026144A154D13682968B7
:10969000C018144B2C601E60134B013C9D685C602D
:1096A00080249E60114BA4045C60019B9D4200D904
:1096B000CB185B1B18181060F7BDC046D8180020E7
:1096C000800E0020C8040020A0D30600880E0020D1
:1096D000FFFFFF00E41800202A190020E0180020F6
:1096E000E8180020DC18002010E000E000ED00E0A9
:1096F00070B5EFF3108672B6074B1C685D68FFF714
:1097000079FF0023021B12196B4110001900002E73
:1097100000D162B670BDC046880E0020F7B5164C69
:10972000019026686768FFF765FF9621801B490155
:10973000F6F7DCFC9621490141430A0000210B00A9
:1097400092197B410D002260636004000B4E326869
:10975000736812196B4132607360094B094C1960D0
:1097600001225242D31722606360074B197001999E
:1097700001F0DCFBF7BDC046880E0020800E002003
:10978000D8180020C80400202A19002070B5144AF7
:109790009625136A00241B021B0A1362F022114B48
:1097A00052001A60104B6D011D60104B104A1C6076
:1097B000104B5A6007229C601A60FFF71BFF2900BC
:1097C000F6F794FC0C4B454311C30C4B01201D6074
:1097D0005C600B4B1C60FFF717FF200070BDC0469C
:1097E00000ED00E0E4180020E8180020DC1800205C
:1097F000BF12000010E000E0800E0020880E002064
:10980000D818002010B5064B1C68FFF7F3FE962110
:10981000001B4901F6F76AFC024B186010BDC046F8
:10982000880E0020D818002010B5EFF3108472B60F
:109830000020FFF7BBFE074A074910680B681B189A
:109840000B60002320001360FFF768FFFAF78AF827
:1098500010BDC046DC180020E018002010B5040040
:10986000F9F78CFA03F04BF903480121034A03F09E
:10987000B0FC200005F059FD200101009F120100FD
:10988000F0B585B005000C0000AFEFF310837B60EE
:1098900072B6304EB368FB6003F031F903F02FF974
:1098A0002D4B042D02D82D4BAA00D358317C6E4687
:1098B0008AB06A462A4807932A4B05900695089174
:1098C0009384294B0493B121284B1032BB60B868B4
:1098D00000238901F9F756FBB546002C09D0E3694E
:1098E000DB0506D003F00BF90121214AB86803F02B
:1098F00070FC03F004F9FB68002B07D0180005F09A
:10990000FBFE002802D00378002B00D119486E46D8
:109910008AB06A46184B07900593FB680693114B73
:109920001384164B049391210023104810328901AF
:10993000F9F728FB2100B5462800FFF78FFF7B6869
:10994000002B00D162B6F868FAF71AF8BD4605B0E8
:10995000F0BDC046EC180020AE120100280701003F
:10996000C4120100010300000500000120010100F4
:10997000EC120100BC1201000C13010004000001F4
:10998000F8B501270A4E83009D59013084003359F0
:10999000AB4200D8F8BD6868002806D0037E3B4281
:1099A00001D105F09DFC0835F1E72B689847FAE7EF
:1099B0003C070100012270B5244B254C86B01A707B
:1099C000244B9C4219D30320FFF7DAFF0420FFF752
:1099D000D7FF214C2600214DAC4211D301F0C6F82F
:1099E000AE4223D301F0D0F8F8F734FA01211C4A33
:1099F00093898B43938106B070BD08CC9847DFE70D
:109A0000636A0593236A0493E3690393A36902934A
:109A10006369019323690093E368A2686168206821
:109A200000F06CFD23685C653034D4E7B26AF36AF9
:109A300011003068194303D105F060FE3036CFE7DE
:109A40000849183001F090F9F8E7C0462B190020BA
:109A500004000100080001000800010008000100E6
:109A6000180F002013F8000070B5882601250400A7
:109A700046430102114880220918002086B004954F
:109A80000E350395053565430D4B05900290019009
:109A90000C48F6182D180C4B30000095520000F0C1
:109AA0002DFD0422337C2C74934333740134074B13
:109AB000E402E418EE606C6006B070BD802D0020FA
:109AC000900E0020EC18002023F4000080250020D8
:109AD000F0B5002087B0FFF753FF234B83F30888CE
:109AE0002249234B0A6A1A40C0231B0413430B620A
:109AF000F9F77AFEF9F730FFF9F79EF81D4800F004
:109B000043FD1D4C1D4B9C422BD30120FFF738FF1A
:109B10000220FFF735FF01F01FF8194C194B002503
:109B20005C61194B802205930123184E1849049358
:109B3000D20033002000039502950195009500F0B6
:109B4000DDFC04220700237C20009343237405F0EE
:109B50001CFE2800FFF788FF320039002000F9F7CB
:109B6000DFFE08CC9847CDE7802D002000ED00E017
:109B7000FFFF00FFA00F0020000001000400010013
:109B8000180F0020EC1800206E130100B59900009A
:109B9000802E002010B5064C064B9C4201D30020BD
:109BA00010BD2000A268616805F0C3FB1434F3E720
:109BB0008C0600208C06002010B5064C064B9C42FB
:109BC00000D310BD200005F0BCFB0028F9D11C34E7
:109BD000F4E7C046540600208C06002037B5040088
:109BE0000D00EFF3108172B6C06800280AD028601B
:109BF00003680020E360A3690133A361002914D145
:109C000062B612E01000184302D128600C38F5E764
:109C10002000009208302200019300F0C1FE0028CD
:109C200003D1024B9B685B692B603EBDEC180020A2
:109C3000F7B50E0008A904000878EFF3108572B696
:109C4000216AE768B9423FD22768BC421AD0002F88
:109C500018D0380005F0ECFB3800183001F016F988
:109C6000A2683100786905F0D0FE00223B1D380063
:109C7000DA6700F013FD20002900083000F00EFE26
:109C800000202FE0A268002816D0E06967698318D9
:109C90009F4200D12369E36101312162310005F067
:109CA000B4FE20001021243005F086FE0028E2D109
:109CB000002D17D162B615E0A0692369834200D157
:109CC0006069801AA061E7E7110019430BD02000FA
:109CD0000649083089684E610092290022000193EC
:109CE00000F05EFEFEBD23204042E1E7EC180020BC
:109CF000F7B504000800EFF3108772B6256A002D4F
:109D000034D0A668A16962698B199A4200D123698F
:109D1000013D25623200A36105F077FE2568002031
:109D2000AC4234D0854232D0280005F081FB2800B7
:109D3000183001F0ABF8E069626983199A4200D1EA
:109D4000236932000026E361236A013323626969D3
:109D500005F05BFE2B1D2800DE6700F09FFC200055
:109D60003900083000F09AFD3000FEBD11001943A3
:109D70000BD009498968486120000092390022000F
:109D80000193083000F00CFEEFE723204042002F43
:109D9000EBD162B6E9E7C046EC180020F0B587B019
:109DA000040004920593EFF3108772B64A49C36822
:109DB0008A68002B0CD08068904209D0049B0599DA
:109DC0000B4324D1002F00D162B61020404219E08D
:109DD0000133E360A260012B10D18B68DA6E002A98
:109DE00003D11A00997B7832117000212200216181
:109DF000196F1032002907D11A67DA66002F00D1D7
:109E000062B6002007B0F0BD0A601A67F6E70E23BD
:109E10005467A568927BEB5652B202929A4200DDDB
:109E2000029310222300002603920E220299AA56C2
:109E30008A4204DD986805F00EFB0643F6B26B6FAC
:109E4000002B0DD002212A7C0A4209D0A34207D060
:109E5000039A013A0392002A02D09D68002DE4D1B2
:109E6000049B1E4D0093059B22000193390028009E
:109E700000F096FD184B002802D19B685867C0E798
:109E8000EFF3108772B600229B685A67A068904271
:109E90001CD07821C36E4156002B09D105F0DBFAA6
:109EA000002813D03900280000F0F8FC0B208DE7C3
:109EB0001C00103C2268A24206D0002A04D0927BEB
:109EC00052B2914200DD11001B68E5E7002EE9D196
:109ED000002FEBD162B6E9E7EC1800202C19002026
:109EE000F7B583680500002B00D180E04248826806
:109EF000934200D07EE0EB68012B03D9013BEB607D
:109F00000020FEBDEFF31083019372B62E000021F6
:109F100083681036DA6E002A0BD0964227D12A6960
:109F200000291ED1196FDA668E4200D11A6700230C
:109F30002B6178210E22836859569A568A4205D0A1
:109F4000DB6E002B16D1A86805F085FA2C68A542B7
:109F50001ED10023AB60EB60019B002BD0D162B619
:109F6000CEE70A601A6F9642E1D11967DFE7110068
:109F70001268D0E7180010380268824206D0002A22
:109F800004D0927B52B2914200DD11001B68D8E7E9
:109F9000002CDED062682368002713605A6002221A
:109FA0002000237C2760934323746760A7601830E8
:109FB00000F06CFFAC60E36EBB4203D12300A27BD8
:109FC00078331A702F61236F002B0DD12667E66658
:109FD0000023221D20006367D36700F05FFB074862
:109FE000019900F05BFC8BE71E602667F0E7162006
:109FF000404286E70120FBE7EC1800202C190020E6
:10A0000037B5EFF3108572B60468002C11D0032227
:10A010002368934342680360944200D14360200068
:10A02000012105F038FA0400002D00D162B62000AD
:10A030003EBD11001943F7D00830009229000200FC
:10A04000019300F0ADFC0028F1D1024B9B685C69E4
:10A05000EDE7C046EC18002070B5EFF3108572B63E
:10A060000468A0421CD0002C1AD062682368002625
:10A0700013605A6002222000237C266093432374DD
:10A080006660A660183000F001FF231DDE67200027
:10A09000666100F003FB29000A4800F0FFFB70BD79
:10A0A0008268C3689B1A591E8B419B1883600221EA
:10A0B000103005F081FC0028EDD1002DEFD162B603
:10A0C000EDE7C0462C19002013B50400EFF3108112
:10A0D00072B68068002806D00138A060002900D13F
:10A0E00062B6002016BD1000184305D1002900D12A
:10A0F00062B610204042F5E7009201932200024828
:10A1000000F04EFCEEE7C0462C190020F8B5050023
:10A11000EFF3108772B600232C68A5421BD0002CE9
:10A1200019D062682368002613605A60022220005A
:10A13000237C2660934323746660A660183000F089
:10A14000A5FE0B22231D5242DA672000666100F053
:10A15000A5FA0123E0E70022AA60934204D0390067
:10A16000034800F09BFBF8BD002FFCD162B6FAE774
:10A170002C190020F0B587B00490EFF3108772B669
:10A18000049E049D8C363468A435002C26D102210F
:10A19000280005F06EFA002870D0049B9C331C68E0
:10A1A0009C4200D173E0002C00D170E0626823680B
:10A1B000002513605A6002222000237C256093430F
:10A1C00023746560A560183000F060FE0122231D35
:10A1D000DA672000656100F061FADEE723687268E3
:10A1E0003360944200D1736002222B6813432B60CA
:10A1F0000423E2689A43033B1343E3606368002F40
:10A2000053D020009847EFF31083059372B6E368AC
:10A2100001211A008A431009084248D1E260E3682C
:10A220009A071AD502229343E3602F4B186800283F
:10A2300013D00021026800280FD04768BC4244D1E7
:10A24000026800293BD159681A60884200D15A60DF
:10A25000002303600830FFF7FFFE02222B689343C0
:10A260002B60DB053AD4059A3368002A00D162B628
:10A27000002B00D181E705F071FA7EE72B68DB0641
:10A2800005D52860002F00D162B607B0F0BD0023CD
:10A29000029301235B42DC17049A39000093019476
:10A2A0009432124800F084FC67E762B6A9E71122F5
:10A2B0009343E36020001030FFF7CEFEAFE70A6063
:10A2C0005A689042C4D15960C2E701009446002AFE
:10A2D00001D01068844610006246ACE7059B002B55
:10A2E00000D04AE762B648E70C1900202C1900207C
:10A2F000F8B5C3680E00590801220D00040015408E
:10A30000114248D19B08134247D13368002B01D139
:10A31000836833600125E3682B4202D0A3686D197E
:10A3200033603768002F2FD01D4B00209A683B0008
:10A3300088331B689A4204D105F0D5F901235840AF
:10A34000C0B23B000122A4331B689908114013429C
:10A350001CD000291CD000281DD0002323603B0006
:10A360008C335A68002A0CD15C601C60380005F000
:10A370008CF90423E2681343E3603368A360280088
:10A38000F8BD14605C60F1E7162505E0132503E0D5
:10A39000DB081342E1D010256D4200233360EEE765
:10A3A000EC18002037B501900800EFF3108572B665
:10A3B00001A9FFF79DFF041E05DD2900044800F0F8
:10A3C0006DFA20003EBD002DFBD162B6F9E7C04614
:10A3D0002C190020F0B5002689B004008C300660EE
:10A3E00046600E9D083000604060083000604060AC
:10A3F0000120B54204D02879461EB0410002013048
:10A400002600A436306001267642F7170696079795
:10A41000002610480393049603000296200001963C
:10A42000009400F0C3F8B5420CD02968B14202D0C4
:10A43000200005F05EF96B79002B03D00123A2897F
:10A440001343A381200005F059F9230088331C60D1
:10A4500009B0F0BD75A1000070B5EFF3108672B6BB
:10A460000468A0421DD0002C1BD062682368002520
:10A4700013605A6002222000237C256093432374DA
:10A480006560A560183000F001FD231D2000DD6728
:10A49000656100F003F93100044800F0FFF9002085
:10A4A00070BD002EFBD162B6F9E7C0462C19002022
:10A4B000F0B51D00130085B00C00160003902B436F
:10A4C00016D0EFF3108772B60800FFF709FD01956B
:10A4D0003900039A0096084800F062FA050001224C
:10A4E0005242D3172000FFF759FC280005B0F0BDF9
:10A4F0000B256D42F9E7C0462C190020F0B587B056
:10A500000593030058338365C365109B0025838141
:10A510000423072703740F9B0E00040083738560D8
:10A52000C5738561C561002100200732BA43D21985
:10A53000BA43B31820626162190020000493F9F74E
:10A5400087F8049BC019B8431F1A2300A27B7833F5
:10A55000E566256765671A700E9B3A0002930D9BAE
:10A56000310001930C9B20000093059BF9F7C2F981
:10A57000044B65659B68AB4200D05B6E3800636638
:10A5800007B0F0BDEC1800200123020003748381A2
:10A590000023817B7832C36603674367117043668B
:10A5A000014B98607047C046EC18002070B504005D
:10A5B000002086B005900E98119D04900D98109E75
:10A5C00003900C9802900B9801900A98009020003C
:10A5D000FFF794FF2B00334305D1200005F08EF8E0
:10A5E000200006B070BD200032002B000249183058
:10A5F00000F0BAFBF4E7C04613F800000B21084A4C
:10A6000049429368D8670433D9678021054B4905CF
:10A61000596062B6BFF36F8F93680433D86F704789
:10A62000EC18002000ED00E070B51A4CA168E36959
:10A630000A68CB1A581E834149685B420A60516020
:10A640001340E169A268002B05D1134B51601360E0
:10A650000A60E2610AE00E250E205D571056854221
:10A6600013DD5968136051600A605A60A5690A4B8E
:10A670009D4201D0002D00D1E568A3689D4202D023
:10A68000280005F005F9656170BD8B42DDD01B68BF
:10A69000D9E7C046EC18002004190020102370B53B
:10A6A000C356027C002B31DBD3062FD180235B42C3
:10A6B00013431A4C0374A3691949E2698B4207D109
:10A6C000016042601060E0610FE09A42F8D01B68C0
:10A6D000002BF5D00E260E259E574557AE42F4DDD1
:10A6E0005A680360426010605860A5698D4201D0CD
:10A6F000002D00D1E568A3681A7CD20607D1DA895B
:10A700007F2A04D9AA69002A01D1636170BDAB42D6
:10A7100002D0280005F0BCF86561F7E7EC180020CE
:10A7200004190020102270B582560500037C002A0F
:10A7300004DA7F221340037405F014F80D4E0E4A1C
:10A74000B469B368944201D0002C00D1F468AB42E4
:10A7500008D01A7CD20605D1DA897F2A02D9A269EB
:10A76000002A05D0A34202D0200005F091F8230072
:10A77000736170BDEC180020041900201023F7B598
:10A7800004000D000093002A01D0083B0093237CB5
:10A79000009A134243D113435AB2002A58DB237460
:10A7A00000230193009B082B1ED1A368002B02D02D
:10A7B000200004F0DFFF2000183000F067FB0B30B2
:10A7C0004DD027005837A66DB74201D0002E4DD18D
:10A7D00000222F4B01929B689C4205D1EFF3058329
:10A7E0005A1E9341DBB20193294F2A4BBE699E4208
:10A7F00001D0002E00D1FE68BB68B34202D0300009
:10A8000005F046F8009B7E61102B08D0200002F076
:10A81000C8FD019B002B02D01F48FFF7B5FE1C4B63
:10A820009B68A34230D1EFF30583002B2CD1A38981
:10A83000DB0709D5002D00D162B662B60423181CCF
:10A8400002DFEFF3108572B62800FFF7D7FEF7BDE1
:10A850007F2213402000237404F084FFA0E7002D22
:10A8600000D162B6EFF3108572B6A4E7300004F0B1
:10A8700081FF00223000331DDA67183000F006FB3C
:10A880003000FFF70BFF9EE7002DE0D162B6DEE758
:10A89000EC18002004190020A00F002010B500299A
:10A8A0000AD1EFF30580002807D1054B5A699B6850
:10A8B0009A4202D0FFF7A2FE10BD62B6FCE7C04686
:10A8C000EC18002010B5034B01001800FFF7E6FF5D
:10A8D00010BDC0462C19002070B50F4D0F4BAC6950
:10A8E00006009C4201D0002C00D1EC68AB681A7CB9
:10A8F000D20605D1DA897F2A02D9A269002A05D0B9
:10A90000A34202D0200004F0C3FF230030006B619B
:10A91000FFF7D8FF70BDC046EC18002004190020D6
:10A9200070B5EFF3108572B61B4CA168E3690A6835
:10A93000CB1A581E834149685B420A60516013403C
:10A94000E169A268002B05D1144B516013600A60C5
:10A95000E2610AE00E260E209E571056864216DD52
:10A960005968136051600A605A60A6690B4B9E4299
:10A9700001D0002E00D1E668A3689E4202D03000CC
:10A9800004F086FF28006661FFF738FE70BD8B4239
:10A99000DAD01B68D6E7C046EC1800200419002066
:10A9A00070B50D001100EFF30583002B03D062B6E4
:10A9B0000423181C02DF0B4A0B4B90681860EFF35E
:10A9C000108372B69468200004F0E9FE049A059B97
:10A9D00020000649183000F0C7F92800FFF70EFEE6
:10A9E00070BDC046EC1800201419002013F80000B8
:10A9F000F7B50400EFF3108772B61F22037C4DB247
:10AA00001A4050425041C0B20190002A36D17F32E4
:10AA100013402374200004F0A5FE8023227C5B42B7
:10AA20001343274EA5732374B3692649F2698B42F9
:10AA300007D1216062601460F4610DE09342F8D0A8
:10AA40001B68002BF5D00E201856A842F6DD5A6878
:10AA50002360626014605C60B4698C4201D0002C99
:10AA600000D1F468B3689C4202D0200004F010FFCB
:10AA70007461002F00D162B60198FEBD9B071DD501
:10AA8000A668200004F06EFEA57333689E4209D1CB
:10AA90007368266063601C607460EAE772689A42BB
:10AAA000F6D01B68002BF3D00E229A56AA42F5DD91
:10AAB0005A682360626014605C60DAE7A573D8E7C7
:10AAC000EC180020041900200B00F7B50343050023
:10AAD00004000E000091002B05D104F03FFE200081
:10AAE000310003B0F0BDEFF31083019372B6164F3F
:10AAF000164BB8681860FFF715FEB8682A00009B6F
:10AB00001349183000F030F90422BB680500197CA5
:10AB100004330A431A73019A9A670B225242DA6786
:10AB200080220C4B52055A6062B6BFF36F8F631CD4
:10AB300001D1731CD3D004F0B1FE2D1AEC43E417FD
:10AB40002C40E617CBE7C046EC1800201419002073
:10AB500013F8000000ED00E0024B034A9A61DA614D
:10AB60007047C046EC18002004190020EFF3108154
:10AB700072B6044B9A68D37B013BD373002900D192
:10AB800062B67047EC18002010B5EFF3108072B673
:10AB9000034B9A68D37B0133D373FFF79DFE10BD3F
:10ABA000EC180020014B98687047C046EC18002054
:10ABB00073B5069D079E089C00950196FFF7F0FE71
:10ABC000002C03D0024B9B685B69236076BDC046B6
:10ABD000EC18002010B5047C1F21220003000A405D
:10ABE00000200C4211D1094910008B420DD00849B8
:10ABF0000868002809D0D9897F2905D80E2159561F
:10AC0000044B1B68994200DA100010BD900E002022
:10AC1000D00500201C19002010B5064B0121C31AD5
:10AC20000548DB105843054B8000C01802F0F0F9CE
:10AC300010BDC04628100020ABAAAAAA18190020EF
:10AC400070B518260F4B05001C7C0F4B6643F61899
:10AC5000300000F01BF90D4BA400E418002D0BD0C0
:10AC6000200002F0D3F9431E98412D1A2A0030002B
:10AC70000749EB1700F078F80021200002F0C8F92E
:10AC800070BDC046EC1800202810002018190020C4
:10AC900019AC0000F8B5EFF3108672B6134D144BE3
:10ACA000AC681868A04205D104F0F2FD002E00D176
:10ACB00062B6F8BD00221A60287C0E4B8000C018D6
:10ACC00002F0A4F90028F1D02000FFF783FF071E4F
:10ACD000ECD0237CDB06E9D1FFF7A6FC6B69A3422D
:10ACE000E4D13800FFF7ACFFE0E7C046EC180020E5
:10ACF0001419002018190020024B1868984200D13E
:10AD000000207047D405002010B50400FFF7F4FFC1
:10AD10000D49031E15D000208C420CD89A68DB68C0
:10AD2000501C01D1581C04D0002B02DC04D18A42F3
:10AD300002D90648001B10BD00209442FBD2101B14
:10AD4000F9E78C42F5D9F6E7FEFFFF7FFFFFFF7FB3
:10AD5000002010B5034B1B68834201D0FEF752FD63
:10AD600010BDC046DC050020F0B5040015001E0033
:10AD700085B0531C02D1731C00D17DE02161EFF33B
:10AD80001083039372B6002E2ADBFFF7E1FF3C4BE2
:10AD900000211B6800905A1E934118000B00009A76
:10ADA0005219734112184B41364908684968801896
:10ADB00059410E00012105000291A260E360FFF7F6
:10ADC0009BFF0700304B9C465B680193002F1CD112
:10ADD00063462360019B63601C6063465C6026E001
:10ADE000284B1868596802225242D317121A8B4115
:10ADF000521BB341002B04DC01D1002A01D10122F6
:10AE00000023002102910091D7E7B868F968A26891
:10AE1000E368994202DC26D1904224D9801A9941F4
:10AE20007B68B860F960636027601C607C60FFF736
:10AE300063FF84420FD1124B1B6801330BD1029B7D
:10AE4000002B02D1FFF784FF00900098FFF75CFF12
:10AE5000002104F02FFA039B002B00D162B62800DA
:10AE6000310005B0F0BD121A8B41A260E360019B76
:10AE70009F42ADD03F68A9E700250026EFE7C04616
:10AE8000DC05002040100020D4050020F7B50400A8
:10AE9000EFF31083019372B60568002D2DD0FFF7F4
:10AEA0002BFF174B5B689C4207D0AA68EB68A6682B
:10AEB000E76892197B41AA60EB600025626823680D
:10AEC00013605A602560656084420ED000200D4AF0
:10AED000012311680D009D43AC4201D10B43136067
:10AEE000019B002B00D162B6FEBDFFF731FFFFF7DB
:10AEF0000BFF290004F0DEF9E8E716204042E6E700
:10AF0000D405002020190020EFF3108272B601232F
:10AF1000054903430868C01A43425841C0B2002A99
:10AF200000D162B67047C046201900200022F0B55B
:10AF30000C00324B85B01860314B1A602F4B1D68E6
:10AF4000002D10D101222E4B524228001A60FFF72B
:10AF5000DBFE290004F0AEF9002C00D162B6FFF749
:10AF600099FE05B0F0BDFFF7C7FE002844D0C268C7
:10AF70008368002A40DC02D1224A93423CD89C4696
:10AF8000AB4201D92B00AC4600280AD08668C768BE
:10AF9000DA17009301920099019A761A9741866018
:10AFA000C760194E0293DB170393029A039B306824
:10AFB0007168801859416246104B30607160AA1A5E
:10AFC0001A60FFF799FE0028B8D08368C26813435F
:10AFD000B4D1416802680D4D0A6051602860036079
:10AFE00043600369002C00D162B69847EFF31084E8
:10AFF00072B600232B60E4E7054BC0E7241900205C
:10B00000DC050020FEFFFF7F4010002020190020FB
:10B01000FFFFFF7F10B5EFF3108472B6FFF798FEC5
:10B0200000230200044908684968801859419C427D
:10B0300000D162B610BDC04640100020F7B5040034
:10B04000EFF3108572B603680195002B02D0002D36
:10B0500055D0F7BDFFF758FF0028F8D1A66AE76A78
:10B060000122002392197B41002B01D1012A1ED914
:10B0700004F018FC80197941002902DC41D1002834
:10B080003FD004F00FFC80197941224B994201D145
:10B0900003303AD804F006FC02225242D31780193A
:10B0A0007941121A8B4120001B49FFF75DFE236B8B
:10B0B00001332363236A002B08D0002D00D162B630
:10B0C00020009847EFF3108372B60193A0691834FB
:10B0D000A04211D000280FD04268036802211360FB
:10B0E0005A600023027C03608A430274021D43609D
:10B0F0008360D367FFF7D2FA019B002BA9D162B618
:10B10000A7E702225242D317CDE7802300221B0675
:10B11000C9E7C046FFFFFF7F3DB00000F8B504005F
:10B1200016001D00531C01D16B1C14D0EFF31087C7
:10B1300072B62000FFF7AAFE069A079BA262E3629E
:10B1400000233200236320002B000349FFF70CFE8D
:10B15000002F00D162B6F8BD3DB0000070B504000C
:10B16000EFF3108672B63500FFF790FE002803D08B
:10B17000002E19D162B617E0636A002B08D0002EAA
:10B1800000D162B62000636A9847EFF3108572B66B
:10B190002000183004F04EFB002806D004F0F5FA29
:10B1A00029000348FFF77AFB70BD002DE2D0FBE7D2
:10B1B0002C1900201423F0B5002401264B43104D18
:10B1C000143BC018002900D1F0BD437B84609B066E
:10B1D0009B0E102B0BD82F00DF40374207D003689F
:10B1E000002B04D047683B605F6004604460002A25
:10B1F00000D162B6EFF3108272B601391438E1E77C
:10B2000016010100F0B5002615000400370085B0D6
:10B2100002910393029B9E4202DB380005B0F0BD11
:10B22000EFF31083019372B6607B8006800E0828CE
:10B230000AD800280AD00138072807D8F4F742FFB7
:10B240003A1C06220606064010283FD0039B002B1E
:10B2500029D12B78002B26D0607B8006800E082811
:10B260003BD800283BD00138072838D8F4F72AFF0C
:10B270003F3A373A3737374523699B68002BE5D08B
:10B28000022004E023691B680420002BDED000218B
:10B29000E268A160D3025B0E034319489B0302409E
:10B2A0001A43E2602970019B002B00D162B601367F
:10B2B0001434AFE723699B68002BC7D00120E6E771
:10B2C00023691B6A002BC1D01020E0E723699A890B
:10B2D0005B8920209A42B9D0D9E710280DD0A5600B
:10B2E0000137E0E7206910302A00210002E02A003F
:10B2F0002100206904F033FBF1E720692430F3E7F3
:10B30000FF3FE0FFF7B5846805000F00002C17D061
:10B310006378012B22D12600603E337C9B070DD53C
:10B32000300004F09AFA0023082F00D1043B236276
:10B33000337CDB0602D1300004F027FA00232370AF
:10B3400000237F21EA68AB60D3025B0E3B430B40D6
:10B350000E499B030A401A43EA60F7BD022BEDD168
:10B360002378002BEAD02600143E33690193002B8A
:10B37000E4D00023200023701430FFF787FD002362
:10B38000310001983364FFF70DF8D7E7FF3FE0FF86
:10B39000F0B51E00224B87B09C68012360342370F7
:10B3A00063701300334305921A00049353425341D0
:10B3B0002200DBB20500FFF725FF0390EFF31087B3
:10B3C00072B62378002B0BD13A0028000399FFF7BF
:10B3D000F1FE002F00D162B60024200007B0F0BDBE
:10B3E00000232370049B002B05D1002F00D162B6EF
:10B3F0000B246442F1E7059B39000A4A0093019649
:10B400000948FFF7CDFA0400EFF3108772B63A004F
:10B4100028000399FFF7CEFE002FDED162B6DCE7ED
:10B42000EC180020E00500202C190020F8B50700DA
:10B430000D00160004F057F9002801D00020F8BDD7
:10B440000A4B9B685C6E002CF8D02A1D0435F5D29F
:10B45000EFF3108572B6042120003943B047002D68
:10B4600000D162B60028E9D010C0E8E7EC1800204F
:10B4700010B501000020024AFFF7D8FF10BDC046FA
:10B48000C9C900000123802213B5044C04490548B2
:10B4900000945B42D200FEF79DFF13BD54070100EC
:10B4A00080320020481000200CB470B58AB002AC85
:10B4B00005000E0020220021200004F0AFFA022334
:10B4C000A3700D4B25616360002E13DB01D0731E4A
:10B4D000ED180FAA20000E996561019200F0A8F8FE
:10B4E000002E02D0002223691A700AB070BC08BC7A
:10B4F00002B018470025ECE769FD0000F0B5012512
:10B5000085B0029001910392039BAB4201DC05B030
:10B51000F0BD029C23001C0022780133002AF6D0E3
:10B52000252AF8D11A780234252AF3D00020060003
:10B5300003000094009C1F2B27D8202149428C46F1
:10B5400094446146102907D867463849F9400127D5
:10B55000394251D12E2A3DD02E2A24D8242A35D042
:10B560002A2A37D0002ED2D0AE42D3D12024144381
:10B570002000019965380E68022801D9612C41D15B
:10B580000723F01D984308304BE07F2BE2D96C2A4B
:10B5900027D021D8682A2CD06A2A01D04C2AE1D1A0
:10B5A000A022920023E0302149428C469444614617
:10B5B0000929ECD80A23584316336044009A013213
:10B5C00000922278002AB5D1009CCBE7002E15D03E
:10B5D000A84215D00020F1E7742AEFD07A2AEDD0E6
:10B5E000C0E78022134202D0802189000B4313431D
:10B5F000E4E780225200F5E70023DFE70600E9E7F1
:10B600006322B3E7692A04D0301D692A07D8632A68
:10B6100007D0301D1A0604D59B0502D5B0E7732A62
:10B62000F7D1019B013518606EE7C04689280100FB
:10B63000F0B5436899B003900E910F92049383780C
:10B640009B0718D50B00002711921878002800D10D
:10B650000EE1252812D001330C930399049B013786
:10B660009847002801DB00F005FC039B9A7804232F
:10B670001343039A937001277F42F9E05D789A1C87
:10B680000C92252DE9D0002634000C9B02960893DD
:10B690000596089B0C931F2C19D8280020381028D9
:10B6A00018D8F4F70FFD0E171712171717BF171733
:10B6B000170C17101717090001231C43B2E00223CF
:10B6C0001C430423F9E70823F7E71023F5E77F2C51
:10B6D00000D9E8E02E2D00D1C6E000D997E0242D56
:10B6E00000D1C8E02A2D00D1ADE0002E06D00F9B7E
:10B6F00032000E9811A91193FFF700FF029B002B57
:10B7000003DA40239C430023029320231A002A4398
:10B710000992653A022A03D9099A612A00D096E271
:10B720000722AB430D93119B073393431A0018680C
:10B730005968402308321192099A2340612A00D0A7
:10B74000D4E0C02252011443002B01D1013B0293EB
:10B750000D9B12AA0093029B00F0A6FF029A0130F3
:10B76000C3B20A93934201DB013B02930123129D72
:10B770000B936F3309932B000933122B0DD902233E
:10B780000B932B006333C62B07D9824A824BAA182E
:10B7900093429B415B4203330B9312AB1B792D26E3
:10B7A000DA0706D4023EA20703D46607F60F760135
:10B7B000F6B20C22134200D1DFE033005A1E93414F
:10B7C000059A033393420EDAD31A089324070CD454
:10B7D000FC1820200399049B01379847002800DAC1
:10B7E00043E7BC42F5D100230893002E07D0300078
:10B7F0000399049B01379847002800DA35E712AB1C
:10B800001B79664C1B0700D4654C0997AEE02A00F3
:10B81000303A092A47D80A2361060ED502994B43CC
:10B820009B180293089B013308930C9B1D78002DF5
:10B8300000D02EE7089B0C9357E705994B439B18C4
:10B840000593202339E7002EECD1119A08CA1192F2
:10B850006106E6D4002B03DB202205931443E1E7C5
:10B860005B420593282328E740231C4200D124E7AC
:10B87000380019B0F0BD002E32D00F9B2500119377
:10B880004023059A1D401C4200D0029A0E9811A92F
:10B89000FFF734FE119B04CB1193002D01D00292CF
:10B8A000C0E70592BEE76C2D0FD009D8682D14D0E3
:10B8B0006A2D02D04C2D00D017E7A0239B00FCE698
:10B8C000742DAFD07A2DADD00FE780231C4200D16C
:10B8D000F3E6802292001443EFE680235B00F5E755
:10B8E0000296029B059E1C0005939BE7002B01D14D
:10B8F00006330293099B652B0FD1029B5A1C8023B0
:10B900005B01D2B21C43131C112A00D9112300225F
:10B9100065261500DBB2099608E0099B662B10D15D
:10B9200080239B011C4301221123029D019500925B
:10B9300012AA00F04DFBC3B20A930223129D0B938F
:10B9400019E76B461A7A002ADDD1652315000993A1
:10B95000643BEBE7099B0399013309930D9BC01AE4
:10B96000C0B2049B9847002800DA7EE6099AE31BE0
:10B97000985C0028EED1099F0BE3C0239B011C4279
:10B9800000D0A8E0029B002B00D198E00A9A12ABED
:10B990009B180BE0E7030000CE0700007F130100B7
:10B9A000900B01000A9A013AD2B20A920A9A002A2E
:10B9B00003D01A79013B302AF4D0029BE20600D46E
:10B9C0000A9B2A1D7EDB029A95427BDA8022920135
:10B9D000144300220292AB4202DD6A1C9B1A0293BE
:10B9E000EB43DB172B4001333200511E8A419B1879
:10B9F000029A002A72D001329B1800220892059AFE
:10BA00009A4201DDD31A089309231C4207D1089BEF
:10BA1000DB190593059B9F4263D100230893002EF9
:10BA200007D030000399049B01379847002800DABB
:10BA30001BE6230511D530200399049B9847002865
:10BA400000DA12E678200D9B0399C01AC0B2049B5D
:10BA500002379847002800DA07E6230706D4089B38
:10BA60003E00DF19B74244D100230893A3045DD5FB
:10BA7000EB43DB171E002E409D430A9B3020AB4258
:10BA800002D912ABEB1858797B1C0993029B013E3B
:10BA90005B420399B34234DC049B9847013500288C
:10BAA00000DAE2E5731C08D12E200399049B984725
:10BAB000002800DAD9E5BB1C0993099FDDE70123C3
:10BAC000029363E7013B02930523220500D4023B66
:10BAD0000B9AD31888E7A30482D4F5E7E206D20FC5
:10BAE0008AE720200399049B01379847002891DAC0
:10BAF000BBE530200399049B984701360028B1DA52
:10BB0000B3E5049B9847002800DAAEE5E40600D4CC
:10BB100031E7013600D02EE72E20BB1C0399099394
:10BB2000049B9847002800DB25E79EE512AB587977
:10BB30000399049B9847002800DA96E5029B002BA6
:10BB40006CDD2E200399049B9847002800DA8CE5D1
:10BB500001240A9B26003020A34202DD12ABE31829
:10BB600058790399049B9847002800DA7DE5029BE9
:10BB70000134A342EDDA0237BF19099B0D9A0399EC
:10BB8000981AC0B2049B9847002800DA6DE52B2074
:10BB9000002D01DA6D4202300399049B984700287A
:10BBA00000DA62E50B9B042B44D1FA2128008900BE
:10BBB000F4F7E2FA30300399049BC0B20337984798
:10BBC000002800DA51E5FA2128008900F4F71EFB6D
:10BBD0000D0064212800F4F7CFFA30300399049B5C
:10BBE000C0B201379847002800DA3EE528006421FA
:10BBF000F4F70CFB0D000A212800F4F7BDFA3030F1
:10BC00000399049BC0B201379847002800DA2CE55D
:10BC100028000A21F4F7FAFA0D0012E0E40601D434
:10BC20000137AAE72E200399049B02379847002882
:10BC3000A3DA1AE50B9B0237032BCAD00B9B012B0F
:10BC4000D9D17B1C303503990993E8B268E7280005
:10BC50006338122800D9F5E0F4F73EFA13005300D8
:10BC6000F400F400F400F4005300F400F400F400D5
:10BC7000F400F4000F01F000F400F4002700F400D9
:10BC8000B9000126119B12AD1A1D1B6811922B7071
:10BC900024072BD53C00F3190293029B9C4227D129
:10BCA0000994059B9B1B089365E6119B1A1D119235
:10BCB0001D68002D00D1BA4D630602D401235B42FA
:10BCC00002932800029903F0D0FE0600E0E720204E
:10BCD0000399049B9847002800DAC6E4013CA64279
:10BCE000F5D3059B0594DF193F1BD3E7059CF6E7C9
:10BCF000EB1B185D0399049B984701340028CCDAAC
:10BD0000B3E4119B220643D5A2053AD50722073397
:10BD100093431A00083211921A685B6806920793DF
:10BD2000102322009A43079B0992002B3BDA0699C5
:10BD3000079A00244B429441069307948023099A62
:10BD4000DB0013439BB2099312AC0A2306980799B0
:10BD5000220003F095FE031B099C08932300089E14
:10BD60005B0600D4ACE001239C43029BB34200DCA1
:10BD7000A6E0002D00D0A2E01123099C029E9C4366
:10BD80001FE01A1D1B6811920693DB170793C7E784
:10BD90001A1D11921B68E205F6D5A20501D55BB20A
:10BDA000F2E71BB2F0E7069B079A1343CCD1630678
:10BDB000CAD5029B002BC7D111339C43029B1E00A6
:10BDC0000893784B23405A1E9341F61826E010231F
:10BDD0009C43063B8021200008408446119A0C4277
:10BDE00052D08020210080000140044248D0072129
:10BDF00007328A4311000831119103CA02000A4335
:10BE000057D12600163296430996620654D5029AF7
:10BE1000002A51D1172316009C43089223076AD4A5
:10BE2000E30709D5089B0293059BB34204DD9E1BE3
:10BE3000089BF318059E0293099655E01023782578
:10BE40001C43C7E7099B782B03D15A1B683B13435C
:10BE5000C0E725200399049B9847002801DAFFF7E3
:10BE600004FC0399049BE8B29847002801DAFFF725
:10BE7000FCFB02370C9BFFF7E8FB08230025A9E732
:10BE8000101D11901068B9E7111D8020119121003B
:10BE9000400012680140044201D11000AEE7802644
:10BEA0002100B600314090B23442A7D06146D0B2F2
:10BEB000A4E706229443099412AC220049E7029EAB
:10BEC000E30600D47DE72B005A1E93419B195E1CAC
:10BED000A4E720200399049B9847002801DAFFF784
:10BEE000C4FB099B01330993059B099A9342F0DC3B
:10BEF000BF1B1600BF18E30614D530200399049B1E
:10BF00009847002801DAFFF7B0FB002D2CD002374C
:10BF1000E8B20399049B9847002801DAFFF7A5FBD4
:10BF20003D0014E01F4B1C42FAD02B20A30700D485
:10BF30000B38640500D52D200137EAE7302003993E
:10BF4000049B01359847002801DAFFF78EFB029B1E
:10BF5000089AFB185B1B9A42F0DB1400002C05D1F9
:10BF6000089B5B1909939CE60137D9E712AB013CAA
:10BF7000E05C0399049B98470028EFDAFFF775FB14
:10BF800020200399049B01379847002801DAFFF726
:10BF90006CFB099B089A9B18DB1B002BF0DC69E704
:10BFA000CF090100060400001FB502AB0093064A4A
:10BFB000064B03F090FE039902984B07C008184304
:10BFC000C90805B000BDC046CDCCCCCCCCCCCCCCC7
:10BFD000F0B50500A1B00C9326AB1B780A92149320
:10BFE0000A0D0B03C90F0E9129001B0B5005440DC0
:10BFF000194300280FD1002900D081E03023012609
:10C000000A9A53710E9A2E3B13430A9A13711160C8
:10C01000300021B0F0BDCA48844209D1082300296C
:10C0200000D104230E9A002613430A9A1371EFE7F6
:10C03000C44964188021490319430991012029004A
:10C04000099E01400D91B600A90F0E43A900079665
:10C0500006912B430B9004D1BB4B1A4053425341E2
:10C060000B93002C00DA7CE0200000F0F3F90123B0
:10C07000032C00DC0023C31A1800089300F0F6F923
:10C08000089B7C301C1B04191CA9180000F08CFABA
:10C090000B9B2800029318AB019316AB00930999F0
:10C0A00023001CAA03F013FD0027089B04900591B0
:10C0B0000997152B1BD806980799169C179D1AAB44
:10C0C000A24A0093A24B03F006FE1A9B1B9A9B0800
:10C0D0009207134305225343069A934213D10698BD
:10C0E000079900F0CBF9089B98427F41FFB2149B5F
:10C0F0000C9E002B00D197E00A20002101247FE054
:10C10000944C09939AE70D9B002B15D1069B079C35
:10C1100001204042C1171B184C4118002100002388
:10C120000B9A801A994100F0A9F90D9B0899884251
:10C130005B41DBB20993DAE70220069A079B0021F4
:10C1400012184B411900100000F098F93900089BB3
:10C15000984279413B000A00A41A9D411694179514
:10C16000C5E76742380000F07BF9631C5A1E934113
:10C17000C61ABF1BA3193800089300F077F97D3861
:10C18000341A1CA9380000F08FF90B9B2800029389
:10C1900018AB019316AB0093099923001CAA03F076
:10C1A00096FC04900591012E12D80D9B002B03D113
:10C1B00001270B9B3B40BDE701204042C117169A67
:10C1C000179B12184B410127169217930023B1E7D2
:10C1D000002709973E2E8AD8320001204042C1171D
:10C1E000F4F73AF8069B079A83438A4313435A426B
:10C1F0005341DFB27BE70A2200230134F5F70FFC3D
:10C20000059B994203D8F6D1049B9842F3D9089B29
:10C21000279AE418279B1619DB0F9E4200DA1E00AE
:10C220000C9B9E4200DD1E00002506951095169879
:10C230001799FFF7B9FE189B15900B93199B119155
:10C240000B9819001293FFF7AFFE119B0C0013908F
:10C250008B4203D83FD1159B83423CD90498059962
:10C26000FFF7A2FE0A22139B199453430B9A0591E0
:10C270009B1A5A425341099A1A400A2309926A4268
:10C2800055414343049A2F40D31ADDB2159B0490C5
:10C290001693119B1793139B1893069B01330693D8
:10C2A000C5E70F9B0A2201330F930023F5F7B7FB75
:10C2B000059B994203D8F4D1049B9842F1D90F9B76
:10C2C000B3420DDD002E03D1049B059A134307D022
:10C2D00001231093C2E701230A2000210F93E7E70F
:10C2E000099B002B38D00B981299FFF75DFE0A23AB
:10C2F00043430B9A04000F9193422DD1169817993E
:10C30000FFF752FE0B90119104980599FFF74CFE30
:10C310000A236A4255414343049A2F40D31ADDB29F
:10C320000B9B18941693119B0B9417930F9B0490DF
:10C330001993069B0591013306930F9B1293D2E745
:10C34000FF070000CBFBFFFFFE070000CDCCCCCCED
:10C35000CCCCCCCCCCFBFFFF002F06D0052D04D1DC
:10C360000123049A13400433DDB2069B089F9C46C8
:10C37000109B6744002B0ED1189B049A93420AD15C
:10C38000199B059A934206D10D9B0124002B06D1DF
:10C39000099B002B03D00424AC42A4416442002337
:10C3A00004980599220080185941012504900591AF
:10C3B0000A201900059B994203D839D1049B984261
:10C3C00036D9002C1ED0AE421CDA149B002B0BD0A9
:10C3D000279B7E199E19002E00DC01260C9B9E4295
:10C3E00000DD1E00B5420DDD0520049B059C0021EB
:10C3F0000A22C01861410023F3F7E2FF01370490DD
:10C400000591013D3400AE4200DD2C0024B23FB264
:10C410003F197B1E06930A9B26001F193D007B1BBC
:10C420009C420BDC0A9B069A1A600E9A1A71EFE581
:10C430000A2200230135F5F7F2FABBE704980599C3
:10C440000A220023F3F7BCFF30322A7104900591D1
:10C45000013DE4E7014B5843800C70474134010033
:10C46000014B5843000D7047FB2E0B00024B584305
:10C47000C00C01307047C0464F93120070B50024C5
:10C48000064D074A074BF5F7CAFAA94204D801D16D
:10C49000884201D80134F4E7200070BD33333333D0
:10C4A000CDCCCCCCCCCCCCCCF0B50E008FB01A21FE
:10C4B0000700F3F71BFE1A2103903800F3F752FE32
:10C4C000039B1C01354BE418002909D122686368DD
:10C4D00032607360A068E168B060F1600FB0F0BDD9
:10C4E0002F4BC9005B181A685B680AA90492059370
:10C4F000A268E36800910498059903F0ECFB2268B8
:10C50000636807910CA9069000910498059903F0BF
:10C51000E2FB0C9A0D9B069C079DA4185D410890B8
:10C520000991AB4202D809D1A24207D90A9A0B9BC2
:10C530000120002112184B410A920B933800FFF79B
:10C5400095FF04901A20039B5843FFF78FFF049B2D
:10C5500022001B1A0393009308982B00099903F0FB
:10C56000EFFB1E220490059138090E4980007B00E4
:10C5700041581A40D140032001400A00049805990F
:10C58000002312184B410399326073600A9A0B9B87
:10C5900000912000290003F0D3FB9DE72002010059
:10C5A0005001010060070100F0B505000F008DB0DB
:10C5B0001A211930F3F79AFD1A264643374C000129
:10C5C000721B0419AE4209D1226863683A607B602D
:10C5D000A068E168B860F9600DB0F0BD304BD200E2
:10C5E0009B181A685B6808A902920393A268E36823
:10C5F00000910298039903F06EFB2268636804902F
:10C60000059101204042C11712184B410AA900911F
:10C610000298039903F05FFB0A9A0B9B04000791B1
:10C6200004980599801859410290039103998B420F
:10C6300003D80AD102998A4207D9089A099B012096
:10C64000002112184B41089209933000FFF70EFFAA
:10C6500006002800FFF70AFF029A039B361A079983
:10C660002000009603F06CFB2B099B009C461E22C9
:10C670006B001A4063460B4C1C590323D4401C40EA
:10C680000023621C12184B41029803993A607B60A8
:10C69000089A099B009603F053FB9BE7F002010008
:10C6A00050010100B4070100F0B5050087B0009308
:10C6B0000CAB1B7801920593019BCA0F1A714B00BA
:10C6C0000903090B5B0D0D4371D1002B00D078E0FD
:10C6D00000240025019A1360009B002B64DB009A64
:10C6E0000D230C2A61DC9B1A9B005A1E012000219D
:10C6F0000493F3F7B1FD06000F0002000B0092193E
:10C700007B41002150429941029003910120404217
:10C71000C1178018594102000B0022402B40BB4238
:10C7200009DC01D1B24206D820002900049AF3F7AF
:10C7300085FDC00701D5A4197D41039B029A2B40BA
:10C74000224014001D0027210D23019A0098053274
:10C750000092059A8A1A01920F22290727092E11A1
:10C760003943224035000C00002A12D1984214DAD5
:10C77000013BF1D223E0002B05D104000D00013371
:10C78000124A9B18A6E7802252030A4304001500B0
:10C79000F6E7092A01DD0199521800993032CA548E
:10C7A0009842E5DA1800E3E700230093CBE7084D51
:10C7B000AB42E0D1082300201343019A137107B064
:10C7C000F0BD034DAB42DED10423F4E701FCFFFFD3
:10C7D000FF0700007047C9004018408840087047B4
:10C7E000F8B50D000400FFF7F6FFF3F77BFD1F21FE
:10C7F000091A8A00A218EB0010691F1D0633E719F9
:10C80000E318AEB2002808D101308840E168014346
:10C81000E16015613E801E80F8BDC1000431625A9E
:10C820003A80D200A2181880D6806652F4E730B55C
:10C83000CD004519EB88141D8B4209D1012393408B
:10C840001A00C368A4009343C3600023235030BD83
:10C85000A988A400CA0082182350D380DB00C01826
:10C860008180F4E770B50D000400FFF7B4FFF3F723
:10C8700039FD1F222900121A2000FFF7D8FF70BDD2
:10C88000F0B5050085B008000391F3F72BFD1F23D9
:10C890001B1A9E00AE190293336901900093002B7E
:10C8A00012D12022019BD21A01235B429340EA68F5
:10C8B00014001C401A4215D02000F3F73DFD031D63
:10C8C0009B0002005C5909E00327009C210028001E
:10C8D000FFF781FF039B834207D8029A21002800BB
:10C8E000FFF7A5FF200005B0F0BDE4002C19E48897
:10C8F000013F3461002FD4D0009B9C42E6D1D0E7A9
:10C90000F8B5070014000E00FFF765FF21000500D1
:10C910003800FFF760FF2D18ADB2F600BE196B00AE
:10C92000210038007380FFF756FF2418E400E55318
:10C93000F8BD70B514000D000600FFF74CFF631B37
:10C940009BB2EA002D1BB21859002D185180ADB2D0
:10C95000E200B1186800488021003000B352FFF7B0
:10C960003AFF2418E400A55370BD70B5002901D129
:10C97000002070BD072406680C400B34E408C90889
:10C98000B36864189C4200D91C0021003000FFF7F6
:10C9900077FF051EECD001003000FFF71CFFA0421E
:10C9A00009D92C19290030002200FFF7C2FF21000D
:10C9B0003000FFF715FF0123ED007219518804358F
:10C9C0000B4353807019D4E710B51100FFF7CDFF6A
:10C9D00010BD0723F7B50027043ACC1D89189C43E6
:10C9E00099430E1BF6080460A660E76030000091D2
:10C9F0002425F3F777FC20222D1A121A2000390083
:10CA00009200103003F00AF80122AD000735ED085E
:10CA1000A9B24B0013436380731BEA009BB20193DE
:10CA2000A018030001982780400084461800634640
:10CA30004380A1520122009B0199F6005F8019807A
:10CA4000A61973882900134373802000FFF7C8FEDE
:10CA5000F7BDF0B585B00D001C1E0290039229D0E1
:10CA600000265B780193E078237840009B00C01893
:10CA7000A378C0182018019B9E4210D362792379B5
:10CA800012021A43A37903991B041343E279029813
:10CA900012061A4323000833A84705B0F0BD0378F7
:10CAA000471C9B0038001F51F4F7B2FF01303818C3
:10CAB0000136E0E716204042EFE730B500250200DE
:10CAC00028001378002B09D0002811D08D4207D1FF
:10CAD000702B04D01C00403C3A2C09D8002030BDFB
:10CAE0001C00403C3A2C03D8002001350132E8E715
:10CAF000253B5C4263415840F8E70020704770478F
:10CB00000FB407B504A901C9019100F011FB03B0EE
:10CB100008BC04B0184770B5056908242E0000232E
:10CB2000020026401800254205D1D06813689842BB
:10CB300003D9C31A30000B6070BD126A0120D31AEA
:10CB4000F9E713B501A90400FFF7E5FF002804D0B9
:10CB5000019BE268013B9B180193206A019BC01A6C
:10CB6000013816BD10B5040050182269236AD20797
:10CB700002D5013B184010BD9842FCD3C01AFAE719
:10CB800010B504000A00C168FFF7ECFF0822236912
:10CB9000E0609343236110BD022270B50D008B004D
:10CBA0001A430368C1699B005A50040001682A00B7
:10CBB000FFF7D8FFE3682060984203D10823226979
:10CBC000134323612A0061682000FFF7CBFF6060F8
:10CBD00070BDF0B585B00393C3681700C2699B00B0
:10CBE000D518D25C03231A40002304001E000291D2
:10CBF000022A01D12E68B608039A3B601360002E0A
:10CC000007D031002000FFF7BBFFE368A3600123DA
:10CC100004E002222369134202D1002301932BE096
:10CC2000A369280098472B780090DA07D10F01916B
:10CC3000002AF2D00222134221D0029B002B03D003
:10CC400019002000FFF7A8FF61682000009AFFF795
:10CC500089FFA168E36860608B4207D12000009AD9
:10CC6000FFF780FF00230100A060019308232269E1
:10CC700021601343E1602361019805B0F0BD2000FD
:10CC80000099FFF77DFFE368A360029B002B03D0B0
:10CC90002368E2699B009E50029B009A9C46039B7E
:10CCA00062441A6021682000FFF75CFF08232269B4
:10CCB00020601343012223612B7893432B703D6046
:10CCC000A5E770B504000D001600FFF74BFF2368C1
:10CCD000834205D10822236925609343236170BDF7
:10CCE0000223B2001343E269AD00AB506168320029
:10CCF0002000FFF737FF6060F1E770B503690400BB
:10CD00005B0706D5456AFFF71CFF854200D2050088
:10CD1000656270BD70B50D0004001C22002102F098
:10CD20007DFE0022EB68A361AB6863612B68E36161
:10CD30006B68626223622A69002B04D0591E0B4281
:10CD400001D101231A432261200001220021283051
:10CD500002F07EFC70BDF0B58BB005930023049209
:10CD6000026A04001E000291079309938A4239D394
:10CD70000193EFF3108772B6099A0397002A05D042
:10CD800020000199FFF79DFF00230993200008A9C7
:10CD9000FFF7C1FE089B029A05000093934229D336
:10CDA0002368E2699B00D618D35C03229343337057
:10CDB00021682000029AFFF7D5FEE36820609842C0
:10CDC00013D00025039B002B00D162B607990029E0
:10CDD00006D06369002B01D02000984700230793F9
:10CDE000002DC6D130000BB0F0BD082223691343DB
:10CDF0002361E6E7002804D020000099FFF7CCFE6D
:10CE0000E0E7049B059A134315D002F06CFC002860
:10CE100011D1002F0FD162B62000049A059B283053
:10CE2000FDF752F90500EFF3108372B603936B42DE
:10CE30005D41EDB2C6E7236820000193009909AB7C
:10CE400007AAFFF7C6FE0500BCE770B504008369BA
:10CE500008000D0098470200EFF3108672B6012318
:10CE6000297820000B432B706168FFF77BFE606020
:10CE70002000FFF742FF002E00D162B670BDF7B56B
:10CE8000002304000193EFF3108772B60821226992
:10CE9000A3680A4203D16268D51A9A4201D2256A70
:10CEA000ED1A002D2FD0E2699B00D5180321D35C29
:10CEB00003221A400B4234D0022A02D12E68B6084F
:10CEC00005D1DA0712D42800A36998470600A168A3
:10CED00032002000FFF746FE3100A0602000FFF77F
:10CEE0004FFE002F00D162B60123CBE7022213438D
:10CEF0002B70A3692800A668984731000200200023
:10CF0000FFF730FEA060002F00D162B6019B002B1E
:10CF100005D0002D03D120002830FDF79DF8280012
:10CF2000FEBD1500EFE7F8B50400836908000D00A9
:10CF300098470600EFF3108772B601222B789343CF
:10CF40002B7023699B0705D5E268E36992009B1863
:10CF50009D4218D102222B7893432B70A368E1687D
:10CF6000994204D132002000FFF7FCFDA06031009F
:10CF70002000FFF705FE002F00D162B62000283008
:10CF8000FDF76AF8F8BD03222E68830016401E43A1
:10CF90002E60F0E710B5EFF3108472B60369826873
:10CFA0001B0703D441688B1A914201D2036A9B1A72
:10CFB000002C00D162B65A1E9341D8B210BD0300B6
:10CFC00070B5EFF3108572B60668012400208E421A
:10CFD00001D120001A60002D00D162B6204070BD42
:10CFE0000300EFF3108272B6006841181960002A3E
:10CFF00000D162B670470300EFF3108272B600688A
:10D00000411A1960002A00D162B670470068704763
:10D010000300EFF3108272B600681960002A00D195
:10D0200062B670470300EFF3108272B600680143E6
:10D030001960002A00D162B670470300EFF3108236
:10D0400072B6006801401960002A00D162B67047CC
:10D05000704770B50F254B08C3182A403033CC07F2
:10D060000DD51C78160122002A4032431A70012384
:10D0700040184030027813430370002070BD1C78C4
:10D08000AC432243F2E770B504000021012500689B
:10D090006368A268C318403319700E1C29006368C6
:10D0A0009940416029006368994041616168530675
:10D0B00004D51203120FFFF7CCFF70BD930704D005
:10D0C0002A4201D08D40856104260121D3080B40FE
:10D0D0008B403343D50602D56568A940816092062E
:10D0E000D20F920113436268801840300370E4E766
:10D0F0000378020000205B070AD4136852881B03E0
:10D100005B0D1209981807231730984303308008E5
:10D1100070470020704710B50121FFF761FF10BD77
:10D1200010B502F0BFFB0A220023F3F749F910BD46
:10D130001FB502900020039103000200010001903E
:10D140000090F5F7B7FF05B000BD10B50120F5F769
:10D1500027FD10BD00207047436810B5DA71012229
:10D160004368196043685A71F5F70AFD10BD70B540
:10D1700006000C001500081E0ED0906853681B1A9C
:10D1800099420AD813680A001818310002F03DFCD1
:10D190002000AB681B19AB6070BD1C204042FBE750
:10D1A00070B50E00040015001900002802D1F5F733
:10D1B000F7FC70BD002B06D013035B0D1030C018B8
:10D1C000120D02F022FC200025606660F5F782FE59
:10D1D000EFE707B50123019201AAF5F79BFE07BD12
:10D1E00013B5140001936A4602230094F5F792FEEA
:10D1F00013BD1FB514000293069B01AA936003237D
:10D200000194F5F787FE1FBDF8B506000D00140068
:10D210001F00002C00D1F8BD210028003A00B047C3
:10D22000241A2D18F5E710B5826804000CCAC168ED
:10D230000068FFF7E9FF0022A3681A6010BD70B50F
:10D240008B6805001A680B690C009A4202D108002D
:10D25000FFF7E9FFA0680121FFF7C2FEE3681D5454
:10D26000002070BD70B504000D000A2802D10D2009
:10D27000FFF7E5FF29002000FFF7E1FF002070BD68
:10D28000F0B58B688BB008930B880990DB0508001C
:10D290000D780C005E0F1700F5F75AFF0023AD065E
:10D2A00001006D0F984203DB2800F5F725FE03000F
:10D2B0002100226810311203520D60888C18551E0F
:10D2C000AA41524211400022000905900391099899
:10D2D000089906970494029601920092F5F766FF6A
:10D2E0000BB0F0BD436800201B685B689961704714
:10D2F00043681B681A68926853607047F7B501214C
:10D3000043681B685A6811771D68AB682F681C68F2
:10D310005B68EE680193002C02D1AB681C60F7BD1E
:10D3200021003000019AB847241A3618F3E710B5E7
:10D3300043681B681868F6F78DF810BD70B5436830
:10D340000C001D686B689869F5F704FC0F22030058
:10D3500021002868984770BD10B502F05FFB10BD32
:10D3600010B502F052FB10BD10B501000068F6F7D1
:10D3700007F910BD10B5F6F769F9F6F7F3FA10BD25
:10D3800010B500210120F6F7FBF810BD10B5F6F737
:10D39000A3FAF6F7CFF8F6F7D9F8F6F743FBFCF760
:10D3A00097FB862040427047002800D162B6704744
:10D3B000BFF34F8F30BF62B6BFF36F8F704710B5AA
:10D3C0000B6949699847002010BD10B5F6F774FB4A
:10D3D000002010BD7047002303824369C36070477B
:10D3E00010B5416A8968F6F7E9FB10BD0300180023
:10D3F0005B68002BFBD17047426810B5002A05D04E
:10D400000B001C005B68002BFBD16260416010BD0B
:10D41000F7B514000190002C05D127003800FEBD9F
:10D4200064689B1AF7E7228A9A42F9D9089D8D42CF
:10D4300000D90D000027002CF0D0002DEED0268A58
:10D44000F61AAE4200D92E00019AE168D019C91827
:10D45000320002F0DAFABF1900236468AD1BEAE774
:10D4600083685B1803607047030082880068801837
:10D4700052189A80704703008288521A828000688E
:10D480004018186070470CB4030007B504AA0800E0
:10D4900002CADB680192984703B008BC02B0184783
:10D4A00010B5FCF77BFC10BD10B5FCF719FD10BDE5
:10D4B00010B5F6F717FC10BD10B5FCF76FFC10BDEA
:10D4C00010B5FCF70DFD10BD01220023013882428A
:10D4D0005B41D8B27047030070B508001400002902
:10D4E00001D0002A01D1002070BD9A8E012A05D0FA
:10D4F0001825022A03D086204042F5E70825226835
:10D50000AA4200D92A003433190002F07EFA2560BD
:10D51000E9E710B5FCF7A0FF10BDF8B50300040063
:10D520009E331E887607B60F270078370022002327
:10D530003800FCF765FD051E07D1380002F028F819
:10D5400020009030FFF7E5FFF8BD2800032E05D13D
:10D55000FFF7E3FF2800F9F747FBE5E701F064F880
:10D56000E2E7F0B58DB00F0016000890002907D053
:10D5700001220292002E06D101240296644203E0A9
:10D58000002AF9D002913468022213400393089BC9
:10D5900078330093009802F043F800230B90059332
:10D5A0000793002C12D1029B002B06D03460029B03
:10D5B000002B02D0039B002B05D0009802F030F81E
:10D5C0000B9B834263D107980DB0F0BD009802F029
:10D5D00027F8051EE7D0059B9842E4D0002B00D128
:10D5E0000590280001F096F901940690844200D934
:10D5F0000190019A079B944663440793A31A0493EE
:10D60000029B002B18D0002A24D0039B002B03D0B0
:10D61000EB680A932B690993019A2800396801F095
:10D6200018F93B68019A9B183B60039B002B14D0B0
:10D630000A9BEB60099B2B61049B002B25D00022E9
:10D6400000230098FCF7DCFC0100009801F0CFFFFC
:10D65000049CBBE7039B002BF1D1069B9C4201D2AB
:10D66000049C9EE7002300220098FCF7C9FC0300FD
:10D6700036331B789B0705D5089B1A6F012313438C
:10D68000089A136700F0D0FFEAE7049C8BE70022BA
:10D6900000230098FCF7B4FC0100009801F0A7FFFC
:10D6A00085E7F8B5036F04000F00069EDB0703D57E
:10D6B000080000F0B9FFF8BD05009835286800287B
:10D6C00004D001225242D317FCF768FB002E05DA82
:10D6D0000423226F76421343666723672600783659
:10D6E000002F1BD1300001F0A7FF002810D101232B
:10D6F000226F13432367300001F04AFF200090306F
:10D70000FFF707FF28680028D5D0FCF7E9FBD2E730
:10D7100002233630027813430370EFE73A00022108
:10D720003632137830008B431370390001F05FFFFD
:10D73000E4E710B5040000290CDA0423026F494223
:10D74000134341670367783001F022FF20009030D7
:10D75000FFF7DFFE10BD10B5F6F7A6FD10BD10B542
:10D76000F6F7CEFD10BD10B5F6F7FEFD10BD10B5F5
:10D77000F6F722FE10BD10B5F6F794FE10BD13B5F6
:10D78000059C0194049C0094F6F7B8FE16BD002396
:10D7900007B501930093F6F7B1FE0EBD10B5F6F78D
:10D7A00027FF10BD020010B598320B00116804006D
:10D7B000002912D0816F002901D0002010BD11680E
:10D7C0001A685B689030FCF773FE0028F6DB236F65
:10D7D0005B07F2D5606F4042F0E71620FBE710B51B
:10D7E000F6F750FF10BD13B5059C0194049C0094FE
:10D7F000F7F78CF916BD002307B501930093F7F7EF
:10D8000085F90EBD10B5F7F7B1F910BD13B5049C3D
:10D810000094F7F7EFF916BD13B5049C0094F7F7E1
:10D820004DFA16BD10B5F7F7CDFA0120404210BDF4
:10D830005F20404270475F20404270475F20404277
:10D84000704710B5F6F730FD10BD70B50500040047
:10D850007835002912D1280001F0EEFE002807D10A
:10D860000123226F13432367280001F091FE70BD4E
:10D8700002233630027813430370F8E70A000220CF
:10D880003632137883431370280001F0B0FEEEE7C0
:10D8900010B5130052780C00002A14D0991C9B7804
:10D8A000FF2B11D14B78FF2B10D18B78FF2B0DD193
:10D8B000CB78FF2B0AD10B79FF2B07D14B79FF2BAC
:10D8C00004D1FE3BA37210BDDB0701D50223F9E7AB
:10D8D0000068437C9A4205D1123002F0A7F8032376
:10D8E0000028EFD00023EDE713B5059C0194049CBC
:10D8F0000094F7F7A7FC16BD10B5F7F7E7FC10BDCD
:10D9000013B5059C0194049C0094F7F713FD16BD14
:10D91000002307B501930093F7F70CFD0EBD13B577
:10D92000049C0094F7F788FD16BD13B5049C009481
:10D93000F7F79AFD16BD002801D003689868704774
:10D9400010B5002808D003681A689368181E02D022
:10D9500010005B68984710BD8368FFDE10B5FFF7C5
:10D96000EAFF4030007810BD70B5050014000230A9
:10D97000022A1AD0032A24D1002904D0991C082293
:10D9800002F043F804E0191EF9D1082202F046F82B
:10D99000012308242B706C70002C05D02B1964080F
:10D9A0002C19013BAC4213D170BD49005918002914
:10D9B00004D1082202F032F80123EBE702F025F847
:10D9C000FAE70822002102F029F800231C00E1E711
:10D9D000AA789978013569709A70E2E710B5002845
:10D9E0000AD0006800688468002C02D0A469A047AF
:10D9F00010BD02204042FBE78368FFDEF8B5D36824
:10DA000004001E781500FFF79BFF202703003E400F
:10DA10003B40384202D0B006C00FF8BD1800002EBF
:10DA2000FBD02000FFF787FF0300ED684333AA789F
:10DA30001A70C36C012B04D1002200234430FCF780
:10DA400043FB0120E9E770B50500002901D1002062
:10DA500070BDFFF770FF04002800FFF771FF80061C
:10DA6000F5D42000642200234430FCF72DFB00286D
:10DA700003D00B3005D13E204042002343342370B5
:10DA8000E6E70E20F8E7F0B585B0050000910192B9
:10DA9000FFF756FF0126400600D403362800FFF7A3
:10DAA0004FFF10270740FB06DB0F0293002F11D01A
:10DAB000019A00992800FFF7A1FF029B03905900EB
:10DAC0002800019B009AFFF789FF041E08D0200060
:10DAD00005B0F0BD2800F8F7A7FA041EE8D0F6E775
:10DAE000039B002BF3D001212800FFF7ACFF002897
:10DAF000EDD0013EF6B2002ED8D105246442E6E70F
:10DB0000F8B50C251C004B782B4212D0D37A967AAC
:10DB10001B02334323701B0A63704B782B40082B86
:10DB200024D1537815781B022B43A3701B0AE37092
:10DB300004344B783F2B17D90B785B0607D4D37B83
:10DB4000957B1B022B4323701B0A637002344B78B6
:10DB50003F218B43802B14D1537B117B1B020B4342
:10DB600023701B0A637002342000F8BDD31DA51C6E
:10DB7000561E1F78013B2F7001359E42F9D10A34A1
:10DB8000D7E7811D0822200001F03FFF0834EBE7B2
:10DB9000F0B5072405782C40042C08D030264378B3
:10DBA0001E40302E03D0052C03D1002E29D000209A
:10DBB00021E09E060CD40C261E40042EF7D03F26F2
:10DBC0001F00B743402FF2D06E07760F032EEED81A
:10DBD000002C11D13F2BEAD90C26334034362E408D
:10DBE0003343E4D12D07E2D4002904D01378033B5A
:10DBF0001370C31C0B60F0BD012C02D13234A3435F
:10DC0000D5D017232B40132BECD1D0E710B5022928
:10DC10001FD982780323540706D05207520F53436B
:10DC20000433DBB2994214D3C2180133D8B2814213
:10DC30000FD3772312781A420AD053065B0F52078C
:10DC40009B00520F9B185B00C018C0B2814200D3EA
:10DC500010BD16204042FBE74878011E00D102218A
:10DC600052780531C9B2002A00D010000918197085
:10DC70000023009A1370704710B58B68DB68181E7C
:10DC80000AD0022018700E3058709A7088680321EC
:10DC90000C30FFF7E9FB012010BD002801D003681C
:10DCA00098687047002801D003681868704773B5FA
:10DCB0000E00FFF7F7FF85680400002D0AD06B689F
:10DCC0009847400706D5012201AB110020002D69BD
:10DCD0001E80A84773BD73B50E00FFF7E3FF85688C
:10DCE0000400002D0AD06B689847400706D501ABA9
:10DCF0000222012120002D691E80A84773BD10B5A6
:10DD0000FCF7E2F910BD10B5FCF7A6F910BDCB1D6C
:10DD100001391A78013B027001308B42F9D170470A
:10DD200070B50C00050008232000CB7310300631BD
:10DD3000FFF7EDFF28002100F8F72CF870BD10B5B3
:10DD400000280CD0036818688368002B04D05B6B34
:10DD5000002B01D0984710BD02204042FBE78368AA
:10DD6000FFDE10B500F0A6FEF9F7A8FBF8F754FDAA
:10DD7000F9F788F9F8F7B4FBF8F712FC002010BDAA
:10DD800010B50C00002806D000680C30FFF73EF9F3
:10DD900001232041184010BD032270B5040011007A
:10DDA00000F0D5FEA368002B12D0230037331B7878
:10DDB0009B0711D5220002253632537820002B43D1
:10DDC000537000F0CDFC2A002000A18E00F0BFFEB1
:10DDD000200000F029FC07E02100A06900F0B7F85E
:10DDE0000128E7D00028F3D170BD70B505000C1EE6
:10DDF00030D000282ED08B68002B2ED0DA68002A75
:10DE00002BD01B8A002B28D00021FFF7B9FF002858
:10DE100025D0220001233632117820000B431370E5
:10DE200000F09EFC2B68A5611B7C621CD377293215
:10DE3000137023003B331878F9F71CF92100C0B2A6
:10DE4000F9F70CF9002801D1002070BD200000F086
:10DE5000EBFBF9E716204042F7E73D20FBE7732094
:10DE6000F9E7036D10B5002B01D04268984710BD4B
:10DE700010B50B001F220A4001215B099B00914055
:10DE8000C018FFF7CFF810BD10B50B001F220A40D5
:10DE9000012191405B099B00C943C018FFF7CDF8F1
:10DEA00010BD10B5FBF77AFF10BD10B5012252422C
:10DEB000D3171030FFF7F5FF10BD10B50C00002888
:10DEC00006D000680C30FFF7A1F80123204118406C
:10DED00010BD10B5FCF704F810BD10B5002807D030
:10DEE00003685B68002B03D0DB68002B00D09847E9
:10DEF00010BDF7B504000E0015000193FFF7D5FF24
:10DF000008212000FFF7D9FF00281BD1082D1CD8BD
:10DF1000002C1AD0276838001230002E0DD10822AC
:10DF2000310001F07BFD7D740025019B3B742000D6
:10DF30001030FFF7CEFF2800FEBD2A00310001F0AF
:10DF400064FDF0E701256D42F1E71625FBE710B50A
:10DF50000368002800D1FFDE5B681B68984710BD8E
:10DF600010B50C008B68002B09D123003B331878C7
:10DF700000F0AEFD2100A069F8F7AAF910BD5B68BA
:10DF8000F1E710B5FBF7ACFF10BD10B5F8F756F987
:10DF900010BDF0B5046B85B00E0002920393002C07
:10DFA00023D023009E331B88DB071ED5A36C984229
:10DFB0001BD1E36C0220002B15D08869F8F7E8F933
:10DFC00023000025A03318700A9B7461019300950B
:10DFD00031002000E76C039B029AB84720005830BC
:10DFE000FCF73AF8280005B0F0BD0023DB6CFFDE3B
:10DFF00010B5FBF7D3FE10BD10B5FBF771FF10BDD8
:10E00000002070470120704710B501210830FEF74D
:10E01000E7FF013010BD70B5040001210830FEF7A4
:10E02000EAFF012801D0013870BD25000C35280019
:10E0300001225242D317FFF7DBFFA06C002803D068
:10E04000F9F75EF90023A36406229E342388280092
:10E0500093432380FFF7D0FF0122238800209343BE
:10E060002380E1E7F7B507000E00C0219E373B880B
:10E0700004000B40402B02D1836C002B45D1338828
:10E080000193032B44D1132A42D9706800283FDB47
:10E09000FFF77BFF23000C3300930500012252425F
:10E0A000D3170098FFF7A4FF019B23847368636272
:10E0B0007388638480233A88DB0013433B80002D00
:10E0C0001ED02800F8F764F92E0023001036A03384
:10E0D000187001225242D3173000FFF789FF2968D8
:10E0E0004A7C131C082A00D9082320002B30037017
:10E0F000DAB20130123101F088FC3000FFF77CFF0A
:10E100000098FFF779FF0020FEBD7F204042FBE72B
:10E110001620FBE7030010B59E331B88040009207E
:10E12000DB070AD50C3401225242D3172000FFF737
:10E130005FFF2000FFF760FF5F20404210BD70B519
:10E14000040005000C3401225242D3179E352000F2
:10E150000E00FFF74DFF2B8878255A07920F012AF2
:10E160000CD00925D90709D531889B065B0F994248
:10E1700003D1032908D0032A06D0162520006D42BA
:10E18000FFF73AFF280070BD5F25F7E770B506007E
:10E190009E3633880400DB071ED505000C350122AE
:10E1A0005242D3172800FFF723FF33885A07920FF4
:10E1B000032A03D0C0221340402B06D19C3423886D
:10E1C0000024062B03D17B2400E01624644228009F
:10E1D000FFF712FF200070BD09246442FAE7F0B592
:10E1E000070004000C3789B015001E00380001221A
:10E1F0005242D3170791FFF7FBFE23009E331B8883
:10E200009A06520F032A1CD0DB051DD5E38E002B86
:10E210001AD00022230010990592049100920E98C2
:10E220000F992A0002900391343320000799019638
:10E23000F8F714FB04003800FFF7DEFE200009B0F9
:10E24000F0BD5F246442F6E77924FBE7F0B50500F2
:10E250000C3587B004001F00280001225242D3175A
:10E260000E00FFF7C5FE012305930E9B31000493BA
:10E270000C9A0D9B0292039300222000130000923F
:10E280000197F8F7EBFA04002800FFF7B5FE20002D
:10E2900007B0F0BDF0B507000C3789B004001500D9
:10E2A0001E00380001225242D3170791FFF7A0FE4B
:10E2B00001230593129B07990493109A119B0292D4
:10E2C00003930F9B2A0001930E9B200000933300C1
:10E2D000F8F7C4FA04003800FFF78EFE200009B0FA
:10E2E000F0BD0C3010B5040001225242D317FFF7E5
:10E2F0007FFE2000FFF780FE7B20404210BD828819
:10E30000C38881689B1A0268521A981A704710B520
:10E3100004000C30FFF7F3FF238A181810BD70B506
:10E3200005000E00C3685C68EC60002C01D12C6114
:10E3300070BD002E06D02000FFF7E9FF002803D1B2
:10E340006468F1E7208AF9E7E468F0E770B5C66829
:10E3500004000D00002E0DD000290CD03000FFF776
:10E36000D6FF2369F2689B1A834203D1290020005B
:10E37000FFF7D5FF70BD308AF3E70300F7B53633FA
:10E3800016001A7800910123110019400400C56895
:10E3900001911A4219D1002E17D02800FFF7B7FFBC
:10E3A0002769EB68009AFB1A9B18834210D1019BE6
:10E3B000002B05D028000C30FFF7A1FF002807D163
:10E3C00031002000FFF7ABFFF7BD0026288AE7E702
:10E3D000009BFF182761F7E7F7B502000B000D005F
:10E3E0003821382604003632107836330840197840
:10E3F000B1430143197061694736696121003B31BE
:10E40000087829003B31087010781978C009C001DC
:10E41000314001431970012110781F7840080840ED
:10E4200088407D3EB7433843187010781F78F0401D
:10E430000840B0400236B7433843270018703737DA
:10E44000387880080840800001905878B043019ED9
:10E450003043082658703F785078FF080F40FF007F
:10E46000B04338435070C840084088405A78491833
:10E470008A4302435A70A38EAB86A368002B10D048
:10E48000AB68002B0DD0210028000A22203120305B
:10E4900001F0BBFA210028000A222A312A3001F0BB
:10E4A000B4FA2800210003223831383001F0ADFAE7
:10E4B000F7BD03000020002B00D170471A8A5B686B
:10E4C0008018F8E7F0B587B005930CAB1B78140003
:10E4D0000193030036331A7801231A400492019AFB
:10E4E00005000E0000920392002A03D0049A5A40BD
:10E4F00000920392EF68002F55D0002C02D120002B
:10E5000007B0F0BD039B002B0ED03800FFF7FFFED5
:10E510002B69FA689A1A811A0291904206D1280052
:10E520000099FFF7FCFEE5E7388AF1E7029FA74272
:10E5300000D92700002E0CD0059A002A29D0019A74
:10E540003000002A01D0180033003A00190001F011
:10E550005CFA039B002B04D0E86839000C30FEF70E
:10E5600083FF029BA3421AD8049B002B05D0E868C6
:10E570000C30FFF7C4FE002811D128000099FFF7E6
:10E58000CEFE059B002B02D0002E00D0F619E41B16
:10E59000B0E73A001800316801F040FAD9E72B697A
:10E5A000DB192B61EDE7002CA9D069204042A7E7D9
:10E5B000F7B50500002D36D02C00A07A6D68F5F770
:10E5C000D1FA07002300083318000193FEF71EFD5F
:10E5D000C6B20100002E26D0421E0198FEF7EFFCC5
:10E5E0000028EFD0012E1ED10023E36063603B6A58
:10E5F000002B02D020009847DCE7A07AF5F7B2FAAA
:10E6000061690700002909D0637A334204D1436A63
:10E6100020001B689B689847002363612100380035
:10E6200000F0F2FFC6E7F7BD70B5041E18D0260053
:10E630001C363000FEF7EAFC051E11D00100421E18
:10E640003000FEF7BCFC0028F1D0012D08DCA068EA
:10E65000002801D0FFF7ACFF2100606800F0ADFE9C
:10E6600070BDF0B50026350089B00E9B0190029375
:10E670000F9B170006A8029A03930C0001F016F9ED
:10E68000069A079B04920593002200230198FEF747
:10E69000A7FE00280FD1029B039A13432BD0049AA4
:10E6A000059B06A801F023F9069A079B0198FEF73F
:10E6B00097FE00281FD0002D14D1002E0AD105008E
:10E6C000002F08D0438A3C199C420FD24482280074
:10E6D00009B0F0BD7060438A9C4201D2A3B243826C
:10E6E000E41A04E070608542F5D1E8E7E41A002CF2
:10E6F000EDD00600C8E7002D02D02800FFF758FF34
:10E700000025E4E770B5041E03D000248568002DC1
:10E7100001D1200070BD28000C30FFF7F0FD6D68BE
:10E720002418F4E770B5041E19D0030036331B78A3
:10E730009B065B0F1D1E06D00425012903D03A3924
:10E740004B4259418D00A068FFF7B3FE0026A84256
:10E7500001D20436361A2000FFF7D4FF801B70BDAB
:10E760008368C360002B00D0DB680361704710B57D
:10E770000C00F8F787FB002802D0002C01D184613F
:10E7800010BD236884611B7C421CD377293213702F
:10E79000F6E710B583680C00002B03D18160FFF70A
:10E7A000DFFF10BD1800FEF721FE2100FEF724FE5A
:10E7B000F7E7F0B58BB0069310AB1B780592079383
:10E7C000002200230700129E139D0491FFF7CFFF44
:10E7D000041E1AD133002B432ED032002B0008A880
:10E7E00001F064F8089B099C3200029303943800FE
:10E7F0002B000499FFF7BBFF041E1DD0029A039B58
:10E8000008A801F074F8089E099D2100072338200C
:10E81000069A36311A400B78D200834313430B70AB
:10E820002000079A059900960195F8F7B9FB002892
:10E8300003D02000FFF7F8FE002420000BB0F0BD4D
:10E84000012307B5009300230A001900FFF73AFEE1
:10E850000EBD002307B500930133FFF733FE0EBD55
:10E86000F7B506000F001500F368002B14D0FB6805
:10E87000002B11D0002D01D1280010E00121300023
:10E88000FFF764FD00213800FFF760FDF468002CFD
:10E8900006D16920404202E000208542F9D1FEBD48
:10E8A000FB68002BF5D03A69200001921A8A019981
:10E8B000DB68CB1AD31A0093FFF729FDE2683369AE
:10E8C0009A1A841A009AAA4201D9AC4220D8009A16
:10E8D000944200D91400002CDBD0180022000199CA
:10E8E00001F093F8330036331B78DB0704D4F0686B
:10E8F00021000C30FEF7B8FD012221003000FFF7A7
:10E900003CFD002221003800FFF737FD2D1BABE74F
:10E910002C00E2E7031E0CD0C268101E09D01B6950
:10E92000181E06D0D168108A5B1AC01A5368002BD3
:10E9300000D170471A8A5B688018F8E710B5C16883
:10E940000200081E0AD01369181E07D00020926822
:10E95000914204D1CA689B1AC01880B210BD148AB3
:10E960005268001980B2F3E7F0B5040027000126D1
:10E970008BB01D0007910892FFF7E0FF36373B7818
:10E98000099033400693A369A0680593FFF791FDB2
:10E99000089B0200029300230395059907980093B2
:10E9A000FFF707FF051E22D03B78200033433B7062
:10E9B000E368089323690793FFF7D2FEA068FFF787
:10E9C00078FD210002002800FFF74AFF069B334034
:10E9D000069300280FD02800FFF726FE089B069A12
:10E9E000E360079B23613B78B34313433B700025EF
:10E9F00028000BB0F0BD2B00363305931B78059A29
:10EA00003343290020001370FFF7E6FC2800FFF7CE
:10EA1000A7FE28000999FFF713FF0028DBD1059B0B
:10EA2000069A1B78B3431343059A1370089BE3605F
:10EA3000079B23613B78B343069E1E433E70D7E796
:10EA400010B54168FFF790FF10BD030070B5363375
:10EA50001B7801211E0005000E409943FFF776FC4C
:10EA6000EC68201E09D000202D69854205D0864221
:10EA700004D0208AE368ED1A401B70BD2000FFF728
:10EA800046FCF7E773B5036904000E0015009942D0
:10EA900008D1FFF7DAFFA84204D329002000FFF7CE
:10EAA000CFFE76BD01232A00310020000093FFF73E
:10EAB00009FDF6E7704710B5040001225242D31752
:10EAC0002000FBF79DFA0028F7D0FFF765F9F4E77F
:10EAD00000207047704770B504001500002916D05B
:10EAE0000B88032B1CD11422183000F08EFF23005A
:10EAF0003C331A7804231343210010223C31002DAB
:10EB00000BD01A436DBA0A706583002070BD0300F4
:10EB100044223C331B789343EEE793430B70F4E7B6
:10EB200016204042F2E7030010B50120002B0DD063
:10EB30001A009E321288920508D5A0208C691856BA
:10EB4000F7F77CFB201A43425841C0B210BDF8B51C
:10EB5000040038261827363423789D06B3433B43F8
:10EB60002370F8F741FC23786D0FED00B3432B437E
:10EB70002370F8BD437E5BB2002BFBDB704770B5A2
:10EB800004000500083D01212800FEF729FA0028AD
:10EB900006D10222983423685B681B681A7370BD23
:10EBA00010235B422B67FAE70F22F8B5436804692C
:10EBB0001B681A762200AC325B8B11789BB200295D
:10EBC00006D000231370436802221B681A7333E0D7
:10EBD0002600A4363268911C31601380636F002BCD
:10EBE00032D02300250027008C331B6898358837E6
:10EBF000002B07D021002A887431984701280AD0B9
:10EC000002281AD0220094322B8812889A4214D9F2
:10EC100001332B8003E02300A8331B6833603B687B
:10EC2000002B03D1A03423685B68CDE701212000CD
:10EC3000FEF7E1F90128F5DCF8BD20003B6808305B
:10EC4000002B01D0FCF78AFA20005830FBF704FAB9
:10EC5000F2E7F0B543680D0006695968930702D5DD
:10EC600086204042F0BD0123100C18409840302708
:10EC70009C46041C174093031BD5002FF0D163461C
:10EC8000AB40570311D54B618B60970501D54024EC
:10EC90000443B068D20519D5A20717D518434919FE
:10ECA0004031B06000200C70DCE71703ECD58B61BD
:10ECB000EAE76346AB404B60002FEAD004240443EC
:10ECC000D00601D58B61E4E74B61E2E79843E6E7C4
:10ECD000436800205B681B6A0B60704743685B6891
:10ECE0001869424011404140196100207047436853
:10ECF00000205B6899617047436800205B68596138
:10ED00007047436800205B68D961704730B503697C
:10ED10000024D86800280FD1002A1BD116204042B9
:10ED200030BD20601869814210D11C610EE0056879
:10ED30000400002DF0D028008842F8D10868002C8B
:10ED4000EFD11C69D860A14200D118610020086091
:10ED5000824206D0DA680A601A69D960002A00D1B6
:10ED600019610020DCE70020704710B54368187A6D
:10ED7000F8F726FD10BD70B50B00C9680500002925
:10ED800003D05E680C68002900D170BD8B681A0042
:10ED90002A402B4202D030004B689847231E00D0F7
:10EDA000236821001C00EEE70723C2691A42FCD148
:10EDB0007047002210B511000A20F4F763FD0A2005
:10EDC000F4F754FD10BDF8B507000D00CB061AD5B9
:10EDD0000E23194215D0022643681C6823682000C0
:10EDE000B3432360FFF7E0FF29007868F8F7E0FFFE
:10EDF000236805001E4320002660FFF7D5FF002D85
:10EE000004D10020F8BD16204042FBE78620FBE736
:10EE1000FE2070470020704770B504000D001F26CB
:10EE2000032202212000F9F745FF01212000F9F714
:10EE300011FF30400828F3D11F262A0002212000AC
:10EE4000F9F738FF01212000F9F704FF304085422F
:10EE5000F3D170BD10B504000821FFF7DDFF0F21CD
:10EE60002000F9F7F7FE16212000FFF7D5FF10BDAF
:10EE700010B50A000121FEF7ACF910BD70B5050010
:10EE8000141E19D100290CD01E6821002431325DD6
:10EE90002800C9B20134F9F70DFF082CF5D1002084
:10EEA00070BD24242100013400222800E4B2F9F7C7
:10EEB00001FF2C2CF6D1F2E7012A17D1FF263400EE
:10EEC000002902D01E88F4B2360A22002021280030
:10EED000F9F7F0FE320021212800F9F7EBFE2D2191
:10EEE000A219D2B22800F9F7E5FED8E7022A0DD11F
:10EEF000FD342200002902D01C88E2B2240A22211B
:10EF00002800F9F7D7FE22002321EBE786204042B4
:10EF1000C6E770B5040008214568FFF77DFF0F21A3
:10EF20002000F9F797FEB8212800C904F9F798FAEC
:10EF30002000FFF78FFF002070BD802110B5040076
:10EF400040688903F9F78CFA20000821FFF764FF75
:10EF50000F212000F9F77EFE002010BD10B5EE2332
:10EF60009B00C818FBF778F810BD10B500F0D1F978
:10EF700010BD70B50C000100130001C9826815684E
:10EF80002200A84770BD020010B50B00006811797F
:10EF9000012214008C402100046924680C4200D036
:10EFA00053408268002B02D0D368984710BD136984
:10EFB000FBE770B544680021250008352800FFF7FD
:10EFC000E2FF200000211030FFF7DDFFA520400008
:10EFD00000F078F901212800FFF7D5FF0A2000F0A2
:10EFE00071F928000021FFF7CEFF70BD10B544680D
:10EFF000012110342000FFF7C6FF142000F062F951
:10F0000000212000FFF7BFFF10BD30B5036813607B
:10F0100005790468ED006419A34202D3022040423E
:10F0200030BD0833DC1E24788C42F0D10020F7E795
:10F030000723C2691A42FCD1704743681B681A7ED5
:10F04000520703D500201B8D0B70704710204042E3
:10F05000FBE743681B681A7ED207FCD51985704709
:10F0600010B543681868438B428B5B07DB0F920730
:10F0700001D5042213430122448B144094401C43C5
:10F08000438BDB0601D508231C43438B9B0601D52C
:10F0900010231C433723428B13434383FFF7C8FFDE
:10F0A000200010BD10B502699368002B01D0D16813
:10F0B000984710BD10B543681C68237EDB07D80F46
:10F0C000002B05D00020824202DD0B780130238521
:10F0D00010BD032243681B689A757047032243687A
:10F0E0001B681A757047436800201B681A7ED20798
:10F0F00002D5987DC007C00F704702690300002049
:10F10000127C824204D05B681B68987D8007C00F28
:10F110007047042243681B689A757047042243684D
:10F120001B681A757047436800201B681A7E5207D7
:10F1300002D5987D4007C00F704710B54368002086
:10F140001B681C7E640705D51B8DDBB2824202DD85
:10F150000B70013010BD16204042FBE743681B686E
:10F160009A7D187E1040431E98417047802210B54A
:10F1700043681868837D13438375FFF759FF10BDFB
:10F18000802210B543681868037D13430375FFF7A9
:10F190004FFF10BD4368026919680B7E9B07DB0FA8
:10F1A000137448225B0052421343DBB20B76704764
:10F1B00003699960DA607047030010B508000822FF
:10F1C000196900F022FC002010BD002210B51100CA
:10F1D0000920F4F757FB0920F4F748FB10BD07237B
:10F1E000C2691A42FCD17047037E9B07FCD5037E9F
:10F1F0005B0700D47047836AF9E710B54A68002AB4
:10F200000DDD00240B68D2188462017E4907FCD50D
:10F21000816A197001339342F6D1FFF7E5FF10BD03
:10F22000030010B50868002801D1106006E01868D6
:10F230004468002C03D014601B68186810BD0830A7
:10F240001860086801380860ECE7020010B50B0090
:10F2500000681179012214008C402100046924689F
:10F260000C4200D053408268002B02D0D3689847EC
:10F2700010BD1369FBE710B503680400002B0AD02A
:10F280001A7D002A07D0186900F01CF820680021B8
:10F290000830FFF7DAFFA369002B04D16360200078
:10F2A0001030FAF7D9FE10BD10B50069FFF7E3FF83
:10F2B000002010BD10B5FAF7A7F910BD10B5FAF788
:10F2C00017FA10BD70B5041E09D0FFF7F7FF302301
:10F2D00005005C43FFF7F2FF401BA042FAD370BD6C
:10F2E00010B543690400002B07D100230122E16817
:10F2F000487802434A70584210BD98470028F4D01D
:10F30000C1174318E2684B40FF2B00DDFF23137049
:10F31000ECE7002808D0C36800205A78D20703D54C
:10F32000187843425841C0B27047EFF3108372B669
:10F33000FEE7030010B50C33C3600361FDF749FB22
:10F3400010BDF0B54169002934D00B008468234317
:10F350009B072FD105690A0C2B0C002A1FD1002B0B
:10F360000DD18AB2ABB25343E318A34222D3002299
:10F370005B1AC2600169914215D80020F0BD1A1CC9
:10F380000B1C8EB2ADB2754392B29EB256432B0C9B
:10F39000F3181A0C0ED11B04ADB22B43E4E7002B7B
:10F3A00008D12B1CEDE7C168013219604169C360C7
:10F3B0005B1ADFE716204042E0E7F7B505000F00D3
:10F3C000EFF31083019372B6C668002E1FD1046854
:10F3D000A0421CD0002C1AD0626823682000136061
:10F3E0005A600222237C2660934323746660A660E1
:10F3F0001830FBF74BFD231D2000DE676761FBF72C
:10F400004DF9280001990830FBF748FAF7BD3E6036
:10F41000AB69EF60013BAB61019B002BF6D162B69B
:10F42000F4E710B5EFF3108372B6FDF7C1FFF9E70B
:10F4300042680368022113605A600023027C036063
:10F440008A43436002748360704713B501240094BB
:10F45000FAF7EEFB16BD0E2210B5825600238A4243
:10F4600002D0FBF7C5FA0300180010BD030000200E
:10F470009860D8601B605B601861704742680368E1
:10F48000022113605A600023027C03608A434360B8
:10F4900002748360704710B5002808D003689B078A
:10F4A00005D04468002901D000F0A0FA200010BD6A
:10F4B000F7B5170008AA127804000D00002A00D042
:10F4C00045682200A66808320192B24215D0002E8B
:10F4D00013D03000FFF7D2FF30001830FBF7D6FC16
:10F4E0000022331DDA6730007761FBF7D7F8019807
:10F4F0000999FBF7D3F90020FEBD002B15D0082099
:10F50000FBF7B6FF002835D00123476003600321D5
:10F5100002680A40002D0BD123681343036063681F
:10F520002060002B0DD160600BE038003B60EEE7FF
:10F530002B68032B16D802606268002A0DD1606028
:10F54000206020000421103000F036FA0028CED1CF
:10F55000099B002BD0D162B6CEE713680B40034362
:10F560001360E0E78B43134303602B680B401843A1
:10F570002860E6E70C204042EAE70023036043608E
:10F58000030008338360C36008330361436170473D
:10F59000F7B50400EFF3108772B6030085680833EF
:10F5A00000260193AB420FD0B5420DD02800FFF7E3
:10F5B00065FF28001830FBF769FC2B1DDE6728006B
:10F5C0006E61FBF76BF8013620000821103000F067
:10F5D000F3F9002804D1002E02D1002F05D0F7BD89
:10F5E00039000198FBF75AF9F9E762B6F7E707B572
:10F5F0000A00EFF3108372B60193012300930023F6
:10F600001900FFF755FF07BD07B50A00EFF3108398
:10F6100072B60021019300910B00FFF749FF07BD6F
:10F6200010B5EFF3108472B600210068FFF733FFC6
:10F63000002C00D162B610BD10B5EFF3108472B685
:10F6400000214068FFF727FF002C00D162B610BDF3
:10F65000002A0BD08A4209D3030010338160C260B4
:10F660000060406003614361002070471620404203
:10F67000FBE7012230B5140003688C401D00CB402D
:10F68000A54305601800104030BD70B500281BD0A0
:10F6900094300468844217D0002C15D06268236827
:10F6A000002513605A6002222000237C25609343CA
:10F6B00023746560A5601830FBF7E8FB231DDD6748
:10F6C00020006561FAF7EAFF70BD10B5FAF76AFE2F
:10F6D00010BD10B5A822002100F0A0F910BD0060F7
:10F6E000406000207047EFF30580431E9841C0B290
:10F6F00070475820404270470020704770B50400A2
:10F70000EFF3108572B60426037C33420CD0183018
:10F71000FBF7BCFB237C2000B3432374FAF7BEFF46
:10F720002800FBF7CFF870BD002DFCD162B6FAE7D8
:10F7300010B58489EFF3108172B6037C1B0703D5E3
:10F74000002900D162B610BD0122FBF717F8E407CB
:10F75000F9D562B60423181C02DFF4E710B5FBF7F5
:10F76000DFF810BD0368426813605A60002303602D
:10F770004360704710B50400FFF7F4FF0222237CBA
:10F78000934323740023A36010BD10B5EFF31084DE
:10F7900072B6FAF783FF002C00D162B610BD70B5C7
:10F7A00004000D00FAF7BEFF0223227C13432374EA
:10F7B000002D1AD0A5602B689D4209D16B68256089
:10F7C00063601C606C6010E06A689A42F6D01B6847
:10F7D000002BF3D00E210E225956A2569142F3DD92
:10F7E0005A682360626014605C6070BD282310B5A5
:10F7F000027C04001A420BD18368002B01D0FFF772
:10F80000B9FF0422237C200093432374FAF746FFB8
:10F8100010BD70B50500183DEFF3108472B6FBF70C
:10F8200073FB002802D12800FFF7E0FF002C00D175
:10F8300062B670BD70B5EFF3108572B60468A04271
:10F8400009D0002C02D02000FFF794FF002D00D13A
:10F8500062B6200070BD0024F8E770B50500EFF334
:10F86000108472B68368002B01D0FFF783FF280055
:10F870001830FBF70BFB0B3003D0002C00D162B625
:10F8800070BD002C00D162B6EFF3108472B6EEE7C3
:10F8900010B5FBF79FF9FBF7D3F910BD10B5FBF7D7
:10F8A000B9FB10BD10B5FBF7B5FB10BD70B5060078
:10F8B00014001D00531C01D16B1C14D02300002028
:10F8C00000212B4305D0002D07DBFBF7A3FB00191C
:10F8D000694130607160300070BD02204042C11744
:10F8E000001BA941F5E701204042C117F1E7F7B538
:10F8F00014001D000190531C01D16B1C1AD0002272
:10F9000021001300294391420CD0FBF783FB060032
:10F910000F008D4202D80AD1844208D9A41BBD41F0
:10F9200022002B00019908000A604B60FEBD0024F4
:10F930000025F5E7012252421300F3E730B5426299
:10F94000020000230025002418328460C560016293
:10F9500003638261C26103604360436330BD036837
:10F9600070B5446898420CD0002C0AD0A568002DD0
:10F970001FD00E26603A96570E22603DAA56964238
:10F9800007DD08604C602160416011E0A342F8D0BF
:10F990001B68002BF5D09A68002A0AD0603A927B47
:10F9A00052B2B242F2DD5A680B604A60116059608F
:10F9B00070BD00239B7BFFDE70B5EFF3108572B640
:10F9C0000468A04210D023686268200013605A6067
:10F9D000002323606360FBF795FC002D00D162B625
:10F9E000631E9C41E0B270BD0024F6E7010010B533
:10F9F000002809D004390868EFF3108472B6F2F7D2
:10FA000075FB002C00D162B610BD002310B59A42E0
:10FA100000D110BDCC5CC4540133F8E70300821858
:10FA2000934200D1704719700133F9E730B50024D3
:10FA30000139A24201D1002005E0035D01340D5DD2
:10FA4000AB42F6D0581B30BD30B50500101E0BD0B0
:10FA50000024013A2B5D085D834204D1A24202D00A
:10FA60000134002BF6D1181A30BD030041188B4227
:10FA700002D01A78002A01D1181A70470133F6E72C
:10FA8000F7B51C0037231B1BDBB201931F230500B6
:10FA90000E0017001C402800310022000023F0F760
:10FAA0008FFCD2B2AC46330005000E00092A02D901
:10FAB00001998A18D2B230323A700022781C9A42E8
:10FAC00002D802D1644500D9FEBD0700E3E7F0B5D6
:10FAD00006000F00B6197F4193B00EA91400300044
:10FAE0000A93536812680091390000F0F4F8A26894
:10FAF000E368039110A9029000913000390000F0F2
:10FB0000EAF80E9A0F9B8018594106000F00012059
:10FB10000021BB4204D801D1B24201D8002000210B
:10FB2000109A119B8018594102000B00089009910E
:10FB300002980399109211932268636812184B413E
:10FB4000039D012000219D4205D802D1029D9542CE
:10FB500001D800200021A268E36892197B41801837
:10FB600059410A9B049005910599413B0793012255
:10FB700000238F4205D802D104998E4201D8002279
:10FB800000230898099912184B410799009104988D
:10FB9000059900F0D5F8189B18605960109A119BD0
:10FBA0000492059323680B9363689C46A368E468FA
:10FBB000089309941A9B012B32D1089B099C3000B1
:10FBC0003900C01AA141039C01220023A44506D894
:10FBD00003D10B9C029DAC4201D800220023801A65
:10FBE000994101220023B94204D801D1B04201D881
:10FBF00000220023049C059DA41A9D412B00220095
:10FC0000079C009400F09CF8199B03C3109A119B69
:10FC1000079930000091390000F092F813B0F0BD60
:10FC2000029A039B1000190012184B411C003D0062
:10FC300023003400A4197D410C940D95039C0120F0
:10FC400000219C4205D802D1029C944201D8002098
:10FC500000210C9C0D9D24184D41012000219C4544
:10FC600005D802D10B9B934201D80020002122002D
:10FC70002B00121A8B4110001900089A099B801A58
:10FC80009941049A059B92185B41029003911000E0
:10FC9000190001220023AF4204D801D1A64201D8A5
:10FCA0000022002380185941039B049005910120F4
:10FCB0000021AB4205D802D1029BA34201D800200B
:10FCC0000021049A059B0A9C121A8B410298039901
:10FCD000403C009496E7F0B587B00493002303916D
:10FCE0001900060017000025F1F799FE3A002B00D5
:10FCF00005900C0003982900F1F791FE00232418C9
:10FD00004D41320019000498F1F789FE00232200CA
:10FD100080185941049A00900191190003981F001E
:10FD20002E00F1F77CFE3B0080197941019A801882
:10FD300059410C9B186059600598009907B0F0BDB7
:10FD4000F8B50E001900402307001000069A9A1A11
:10FD5000F0F782FA069A05000C0038003100F0F73F
:10FD600061FA28432143F8BD0B694A69934202D0E6
:08FD70005A1C0A61187070476B
:08FD78001A1DFF7F01000000CD
:10FD8000959B000000000000000000005CFE0000E9
:10FD90000000000008FE00000000000024FE00003B
:10FDA0000000000040FE00000000000078FE00009F
:10FDB000657C0000000000008D970000000000003E
:10FDC000592A000000000000E13A00000000000095
:10FDD00000000000CCFE00000000000094FE0000C7
:10FDE00000000000B0FE000000000000E8FE00007F
:10FDF0000000000004FF000063DD000000000000C0
:08FE0000E921000000000000F0
:10FE08008B0D01000000000000000000FC05002030
:10FE1800A81700205175000000000000C10E010065
:10FE28006C0501001800010000060020D017002012
:10FE380067ED000000000000CF0E0100780501000A
:10FE48001800010002060020E417002067ED0000FA
:10FE580000000000DD0E010084050100180001000B
:10FE680004060020F817002067ED000000000000DD
:10FE780028120100640601005C0001000A06002047
:10FE8800C4180020718E000000000000AB0E0100B5
:10FE98003405010008000100FE05002008000020CC
:10FEA800BD7B0000000000000D0F0100900501005F
:10FEB8003C000100060600200C180020757F000099
:10FEC8000000000076120100AC0601005400010099
:10FED8000C060020000500207994000000000000B6
:10FEE80086120100EC060100540001000E060020F5
:10FEF8006805002079940000000000003711010017
:10FF0800C80501002006010008060020B8000020EE
:08FF18008987000000000000D1
:10FF20000000000081D300000000000081D3000029
:10FF30000000000081D300000000000081D3000019
:10FF400008FE0000097500000000000081D30000D9
:10FF50000000000081D300000000000081D30000F9
:10FF60000000000081D3000078FE0000A5F0000032
:10FF7000B0FE0000818000000000000081D300007E
:10FF80000000000081D300000000000081D30000C9
:10FF90000000000081D300000000000081D30000B9
:10FFA0000000000081D300000000000081D30000A9
:10FFB0000000000081D300000000000081D3000099
:10FFC0000000000081D300000000000081D3000089
:10FFD0000000000081D3000094FE0000A9EB0000A7
:10FFE0000000000081D300000000000081D3000069
:10FFF0000000000081D300000000000081D3000059
:020000021000EC
:04000000B99B0000A8
:0400040085B40000BF
:1000080079780000257A0000E8030000000000006D
:1000180053EC0000D1EC0000DDEC0000EFEC000038
:10002800F9EC000003ED0000B97C00000DED0000C4
:100038006BED0000C7ED000000000000257E000009
:100048000000000000000000000000009D9000007B
:10005800A9F200003BF0000053F0000061F000003E
:10006800698F0000B9F10000B5F000003BF1000015
:10007800D3F00000DDF00000E7F0000013F100000D
:100088001DF10000FBF0000027F100006DF10000F9
:1000980081F100005DF1000095F10000B1F1000070
:1000A8000000000000000000C9D40000593F000013
:1000B8000300000000000000F94E0000754E00002B
:1000C800B80E010003000000790A010003000000D7
:1000D800EB0E0100030000001D0F010003000000EB
:1000E8003F1101000300000011120100030000008D
:1000F8009D0A010003000000A10A0100030000009E
:10010800A90B0100030000005E0D010003000000C0
:10011800660D0100030000007313010003000000D6
:100128008909010003000000961201000300000085
:080138008A0A01000300000027
:1001400048040100D8040020980B010001000000C1
:100150000100000000000000050000000000000099
:1001600019000000000000007D00000000000000F9
:100170007102000000000000350C000000000000CB
:10018000093D0000000000002D31010000000000CA
:10019000E1F505000000000065CD1D000000000035
:1001A000F902950000000000DD0EE90200000000E9
:1001B000514A8D0E000000009573C24800000000F7
:1001C000E941CC6B010000008D49FD1A07000000D9
:1001D000C16FF28623000000C52EBCA2B100000052
:1001E000D9E9AC2D780300003D9160E4581100007E
:1001F00031D6E275BC560000F52E6E4DAEB1010051
:10020000C9EA268367780800ED95C28F055A2A004F
:10021000A1EDCCCE1BC2D30025A4000A8BCA2204B8
:1002200000000000000000000000000000000010BE
:100230000000000000000000B9340332B7F4AD1430
:1002400010DB1AB30892540E0D307D951447BA1A7C
:1002500066088F4D26ADC66DF598BF85E2B745118E
:10026000CA96853D92BD1DEBFCA11860DCEF5216CD
:100270003C92AE220BB8C1B4839D2D5B0562DA1CA3
:10028000304C7E8F4E8BB25B16F4529F8B56A5126C
:10029000FBD4827643ED8AF08FE7F93115651918A2
:1002A00050F19BD94A13EEB4284CF0A686C1251F05
:1002B000035FC270CB9E4916E642889C44EB201433
:1002C000B0650836AD6EA58585F0CA14E2FD031A47
:1002D0000B899979D5B13D09D8DA973A35EBCF102A
:1002E000AC363F5E73BB38CF3E6752FA44AFBA15A7
:1002F00001000000000000000000000000000020DD
:10030000345065C05FC9A652BB13CBAEC440C218FF
:1003100006C8DF7100D5A87CF56F0FDA58FC2713EB
:100320006E4756357D24206502C7E768E48CA41D1E
:10033000E9E60268D7CD39617977FCC2405BEF16F8
:10034000798CDE43FFA751F991F3B278F5BDBE1168
:10035000E857E9D6E8BEE87BB054AC8F848D751BB6
:10036000EA23A499E9F9D38BB7A3714061DA3E156A
:10037000CEE33ECB73F948088C97B427D51B701099
:10038000A2BFEFB9EB8532154DB44DB49BBB6F19CD
:1003900096B6076CF8E7EEAD36D9B4F59135AE13E5
:1003A000222218AF4E6A684D91DAAA3D4F40741E62
:1003B0009FBD9EE006A1C09857C2A7FDA40E90174E
:1003C0000E7D497173E3208FB220D87605143B125D
:1003D000853D7434811343B0AD297A5F27F4351C11
:1003E000D8080020000100004BD10000F1D000002F
:1003F0000200000081D200000000000000000000A8
:100400000000000000000000780B0100800B0100DC
:10041000000000000000000000000000880B010048
:100420008C0B0100900B0100940B010034040100BF
:1004300010110020E1340000000000003011002005
:1004400029190020010000003DD300002FD3000037
:10045000FDD20000F1D2000000000000E5D2000053
:1004600000000000993B000000000000D5D3000010
:10047000F7D700008FD7000057D70000BD4000001D
:100480005FD7000067D700006FD7000077D7000064
:10049000DFD700007FD70000E7D700000DD80000AD
:1004A00019D800009DD7000005D8000025D800000D
:1004B000E13F000011D900000D4E000043D80000BC
:1004C000254E000000000000354E000031D800002D
:1004D00037D800003DD80000E9D8000001D900005D
:1004E0001FD900002BD90000F9D8000031500000BE
:1004F0000000000000000000640401000805010085
:100500007D0000000000000080360020640401002F
:100510001C050100800000000000000020370020C2
:1005200064040100300501008000000000000000AC
:10053000E040002000400042580501002004004037
:1005400000000100030000001E00000080841E0067
:100550000000000039780000600501000100000083
:10056000680501000100000000006012FFFFFFFFAE
:100570000045004102000000FFFFFFFF80440041F2
:1005800001000000FFFFFFFF0044004100000000E9
:10059000000C0042B0050100801A06002004004053
:1005A000080000000000000015000000B3ED00008E
:1005B000B805010001000000C005010002000000B4
:1005C000000000230000102340FE00000000200077
:1005D00040FE00000F0001005CFE0000140000005F
:1005E00040FE00001100200000000000000000009C
:1005F000E8FE0000808D5B000001000040FE00006E
:100600001F000100000000000100000000000000C9
:100610000000000047140100300111000400000038
:10062000C582000011EE000015EE00008D8600006E
:100630007DEE0000B58A0000E581000013EF0000A8
:100640003BEF0000518300000000000000000000AC
:1006500000000000BD8100000044004180440041D2
:10066000004500410008004200C2010000001000E7
:100670000000000020040040040000000000000012
:1006800014000000CBF100008C060100940601006C
:10069000010000009C060100020000000000403242
:1006A000000050320000000000000000001C00426A
:1006B00000000200C8060100200400408000000085
:1006C0000000000019000000D00601000100000039
:1006D000D806010003000000000021320000613351
:1006E0000000713340FE00001F00010000180042AE
:1006F0000000010008070100200400404000000045
:1007000000000000180000001007010001000000B8
:100710001807010004000000000032530000F153EC
:100720000000E153000022532413010032130100A2
:1007300046130100551301006113010080FD000004
:1007400080FD0000B8FD0000C0FD000000FE0000BC
:1007500008FE000076130100000100000000000008
:100760000000000000000000000000000000000089
:100770000000004095596959555554551555555621
:1007800004051541105455404551554440455044C9
:100790005055554500400040400444966555565517
:1007A0004540455451411540559155555555405179
:1007B000050100005445545445550504001004102B
:1007C0001404400000000140555515415404000038
:1007D00044000100000000404100004450444550E6
:1007E000540055555455655100400040010000012A
:1007F0000005010011545151545555050015415043
:100800000000044010010405000000004572726FF2
:100810003A20493243206E616F2070726F6E746FA0
:100820002E0A004572726F3A20414443206E616F78
:100830002070726F6E746F2E0A004572726F2061A5
:100840006F20636F6E666967757261722063616E97
:10085000616C2041444320282564292E0A003D3D37
:100860003E2043484950204944204C49444F2044AD
:100870004F2053454E534F523A20307825580A00A6
:100880003D3D3E204572726F20616F206372696149
:100890007220736F636B657420646F20726164698A
:1008A0006F21206572726E6F3A2025640A003D3D0B
:1008B0003E20526164696F2070726F6E746F210AFE
:1008C000004D6F6E7461646F205B25645D202D3E6A
:1008D000204C757A3A25752054656D703A25752E31
:1008E00025754320583A256420593A2564205A3A00
:1008F00025640A002D2D3E202564206279746573DD
:1009000020656E766961646F732070656C6F20720C
:100910006164696F210A006865617020636F72729B
:10092000757074696F6E20286E6F7420696E207503
:1009300073653F292061742025700068656170200F
:10094000636F7272757074696F6E20286275666667
:100950006572206F766572666C6F773F29206174CF
:10096000202570006865617020636F727275707405
:10097000696F6E2028646F75626C652066726565AC
:100980003F29206174202570006F735F6865617076
:10099000002A2A2A20426F6F74696E67205A657098
:1009A000687972204F53206275696C642076342E0A
:1009B000352E302D7263312D3233312D673734624D
:1009C000373137336539633932202A2A2A0A002819
:1009D0006E756C6C290028756E7369676E65642985
:1009E0002063686172202A207573656420666F72C7
:1009F0002025257020617267756D656E742E204903
:100A0000742773207265636F6D6D656E6465642015
:100A1000746F206361737420697420746F20766F23
:100A20006964202A2062656361757365206974209A
:100A30006D6179206361757365206D6973626568A6
:100A40006176696F7220696E206365727461696E88
:100A500020636F6E66696775726174696F6E732E5D
:100A600020537472696E673A22257322206172677F
:100A7000756D656E743A25640063627072696E7498
:100A8000665F7061636B616765007379735F67654B
:100A9000746F7074006C6F6767696E67006C6F6766
:100AA000006C6F675F6D676D74004D657373616790
:100AB00065202822257322292064726F7070656476
:100AC000206265636175736520697420657863656C
:100AD0006564732073697A65206C696D69746174EB
:100AE000696F6E2028257529004D657373616765F0
:100AF0002064726F707065642062656361757365F0
:100B000020697420657863656564732073697A650C
:100B1000206C696D69746174696F6E202825752970
:100B2000000D0A001B5B306D0025732E0025733A03
:100B30002000257320005B253031306C755D20006E
:100B40005B253032753A253032753A253032752EB4
:100B5000253033752C253033755D20002573003C1E
:100B600025733E200025732F002530327820002089
:100B70002020007C002563001B5B313B33316D007E
:100B80001B5B313B33336D006572720077726E0010
:100B9000696E6600646267006C6F675F6261636BB9
:100BA000656E645F75617274006C6F675F7561720A
:100BB000740072302F61313A202030782530387837
:100BC000202072312F61323A202030782530387859
:100BD000202072322F61333A202030782530387847
:100BE0000072332F61343A20203078253038782055
:100BF0007231322F69703A202030782530387820D1
:100C00007231342F6C723A202030782530387800D9
:100C100020787073723A202030782530387800467A
:100C200061756C74696E6720696E73747275637434
:100C3000696F6E2061646472657373202872313548
:100C40002F7063293A2030782530387800556E6847
:100C5000616E646C6564204952516E3A20256400CF
:100C60005265736572766564204578636570746952
:100C70006F6E20280053707572696F757320696EEE
:100C80007465727275707420284952512000535057
:100C900053454C20696E20746872656164206D6FE5
:100CA000646520646F6573206E6F7420696E64697B
:100CB00063617465205053500045534620636F753F
:100CC0006C64206E6F742062652072657472696551
:100CD000766564207375636365737366756C6C7990
:100CE0002E205368616C6C206E65766572206F6390
:100CF0006375722E002A2A2A2A2A2048415244204B
:100D00004641554C54202A2A2A2A2A004152434857
:100D10005F45584345505420776974682072656177
:100D2000736F6E2025780A002A2A2A2A2A20257322
:100D300020256429202A2A2A2A2A006D616C6C6FDA
:100D400063206172656E6120746F6F20736D616CDA
:100D50006C2028257A7520627974657329006E6588
:100D6000745F627566006E65745F6275665F736955
:100D70006D706C6500696565652564006E65742538
:100D800064006E65745F6D676D74006569634034FF
:100D9000303030313830300053656C6563746564D1
:100DA00020414443206163717569736974696F6E92
:100DB0002074696D65206973206E6F742076616C94
:100DC00069640053656C656374656420726566656B
:100DD00072656E6365206973206E6F742076616C36
:100DE00069640053656C6563746564204144432005
:100DF0006761696E206973206E6F742076616C691B
:100E00006400496E76616C6964206F766572736107
:100E10006D706C696E67004F76657273616D706C92
:100E2000696E672072657175697265732031322051
:100E3000626974207265736F6C7574696F6E0041BE
:100E40004443207265736F6C7574696F6E207661B0
:100E50006C7565202564206973206E6F742076613F
:100E60006C6964004368616E6E656C207363616ECB
:100E70006E696E67206973206E6F74207375707071
:100E80006F727465640050726F7669646564206285
:100E9000756666657220697320746F6F20736D616B
:100EA0006C6C202825752F257529006164634034FA
:100EB00032303034303030006164635F73616D30E4
:100EC000006770696F40343130303435303000673E
:100ED00070696F40343130303434383000677069B5
:100EE0006F40343130303434303000693263005474
:100EF00072616E73616374696F6E206572726F7276
:100F0000206F6E2025733A202530385800736572A3
:100F1000636F6D403432303030633030006932639B
:100F20005F73616D30005458206D6F6465202564D7
:100F3000206E6F7420737570706F727465640049F1
:100F40006E76616C6964205258206672616D65200E
:100F50006C656E67746800496E76616C69642052D6
:100F600058206672616D65004E6F20525820627580
:100F70006666657220617661696C61626C650055B8
:100F80006E737570706F72746564206368616E6EE5
:100F9000656C20257500495251204750494F206407
:100FA0006576696365206E6F74207265616479008F
:100FB0005245534554204750494F20646576696334
:100FC00065206E6F7420726561647900534C5054D3
:100FD00052204750494F20646576696365206E6FE3
:100FE0007420726561647900444947322047504952
:100FF0004F20646576696365206E6F742072656149
:101000006479004F7074696F6E616C20696E7374DF
:10101000616E6365206F6620257320646576696361
:10102000652061637469766174656400434C4B4D5F
:10103000204750494F20646576696365206E6F7460
:1010400020726561647900436F6E666967757269C5
:101050006E67204750494F53206661696C65640094
:1010600053504920627573202573206973206E6F79
:101070007420726561647900436F6E66696775728A
:10108000696E6720535049206661696C656400434E
:101090006F756C64206E6F742073657420495251B3
:1010A0002063616C6C6261636B2E007266327878CB
:1010B0005F747278205B25645D00436F6E666967BC
:1010C0007572696E67205246325858206661696CA5
:1010D00065640054582D706F776572202564206414
:1010E000426D2062656C6F77206D696E206F66209F
:1010F00025662064426D2C207573696E6720256615
:101100002064426D0054582D706F776572202564FD
:101110002064426D2061626F7665206D6178206F7A
:10112000662025662064426D2C207573696E6720E9
:1011300025662064426D007266327878403000691E
:101140006565653830323135345F726632787800E3
:101150004661696C656420746F20657865632072F0
:10116000663278785F7265675F7265616420434DAF
:101170004420617420616464726573732025640087
:101180004661696C656420746F20657865632072C0
:10119000663278785F7265675F777269746520611F
:1011A000742061646472657373202564004661690C
:1011B0006C656420746F2065786563207266327890
:1011C000785F6672616D655F726561642050485238
:1011D000004661696C656420746F206578656320E2
:1011E00072663278785F6672616D655F7772697476
:1011F00065004661696C656420746F20657865637D
:101200002072663278785F7372616D5F72656164B7
:1012100000696565653830323135345F7266327821
:10122000785F696661636500736572636F6D4034F2
:10123000323030303830300048616C662D64757063
:101240006C6578206E6F7420737570706F72746542
:1012500064004353204750494F20706F727420251B
:10126000732070696E202564206973206E6F74206E
:10127000726561647900736572636F6D40343230FA
:10128000303163303000736572636F6D40343230DB
:101290003031383030007370695F73616D300048F1
:1012A000616C74696E672073797374656D00556E37
:1012B0006B6E6F776E206572726F7200756E6B6EFB
:1012C0006F776E003E3E3E205A45504859522046A8
:1012D0004154414C204552524F522025643A20251A
:1012E00073206F6E20435055202564004661756C55
:1012F0007420647572696E6720696E7465727275A8
:1013000070742068616E646C696E670043757272F8
:10131000656E74207468726561643A2025702028B7
:101320002573290043505520657863657074696F93
:101330006E00556E68616E646C656420696E7465DC
:10134000727275707400537461636B206F7665728E
:10135000666C6F77004B65726E656C206F6F707393
:10136000004B65726E656C2070616E6963006D6123
:10137000696E006F7300737973776F726B71006EB3
:10138000616E00206D657373616765732064726FB1
:1013900070706564202D2D2D0D0A1B5B306D001BB8
:1013A0005B313B33316D2D2D2D20000000000001FD
:1013B00000000000000000000001FFFF0405060718
:1013C000FF090A0B0C0D0E0F0001020304FF0607B4
:1013D0000C0DFF0F08FF0A0B00FF0203FFFFFFFFCA
:1013E0000809FFFFFFFF0E0F0001FFFFFFFF0607C9
:1013F000FFFFFFFFFFFF0E0FFFFFFFFFFFFFFFFFDE
:10140000FFFFFFFFFFFFFFFFFFFFFFFFFFFFFFFFEC
:10141000FFFFFFFFFFFFFFFF0601050104010702B9
:101420000301050202010302050401010102010397
:10143000010401060108010C0110011801200140FE
:101440000180F000F500FC00010304050506060715
:101450000707080809090A0A0A0B0B0B0B0C0C0CEE
:101460000C0D0D0D0D0D0D0D0D0E0E0E0E0E0E0EA6
:081470000E0E0E0E0E0F0F0010
:1014780015CD5B0700000000000000000000000020
:101488000000000000000000000000000000000054
:101498003DB00000000000002800002028000020C7
:1014A8007FEB0000000000000000000000000000CA
:1014B8000000000000000000480000204800002054
:1014C8000000000001000000580000205800002023
:1014D8006000002060000020000000000100000003
:1014E80070000020700000200000000000000000D4
:1014F80000000000000000000000000000000000E4
:1015080000000000000000000000000000000000D3
:1015180000000000000000000000000000000000C3
:1015280000000000000000000000000000000000B3
:1015380000000000000000000000000000000000A3
:101548000000000000000000000000000000000093
:101558000000000000000000000000000000000083
:101568000000000000000000000000000000000073
:101578000000000000000000000000000000000063
:101588000000000000000000000000000000000053
:101598000000000000000000000000000000000043
:1015A8000000000000000000000000000000000033
:1015B8000000000000000000000000000000000023
:1015C8000000000000000000000000000000000013
:1015D8000000000000000000000000000000000003
:1015E80000000000000000000000000000000000F3
:1015F80000000000000000000000000000000000E3
:1016080000000000000000000000000000000000D2
:1016180000000000000000000000000000000000C2
:1016280000000000000000000000000000000000B2
:1016380000000000000000000000000000000000A2
:101648000000000000000000000000000000000092
:101658000000000000000000000000000000000082
:101668000000000000000000000000000000000072
:101678000000000000000000000000000000000062
:101688000000000000000000000000000000000052
:101698000000000000000000000000000000000042
:1016A8000000000000000000000000000000000032
:1016B8000000000000000000000000000000000022
:1016C8000000000000000000000000000000000012
:1016D8000000000000000000000000000000000002
:1016E80000000000000000000000000000000000F2
:1016F80000000000000000000000000000000000E2
:1017080000000000000000000000000000000000D1
:1017180000000000000000000000000000000000C1
:1017280000000000000000000000000000000000B1
:1017380000000000000000000000000000000000A1
:101748000000000000000000000000000000000091
:101758000000000000000000000000000000000081
:101768000000000000000000000000000000000071
:101778000000000000000000000000000000000061
:101788000000000000000000000000000000000051
:101798000000000000000000000000000000000041
:1017A8000000000000000000000000000000000031
:1017B8000000000000000000000000000000000021
:1017C8000000000000000000000000000000000011
:1017D8000000000000000000000000000000000001
:1017E80000000000000000000000000000000000F1
:1017F80000000000000000000000000000000000E1
:1018080000000000000000000000000000000000D0
:1018180000000000000000000000000000000000C0
:1018280000000000000000000000000000000000B0
:1018380000000000000000000000000000000000A0
:101848000000000000000000000000000000000090
:101858000000000000000000000000000000000080
:101868000000000000000000000000000000000070
:101878000000000000000000000000000000000060
:101888000000000000000000000000000000000050
:101898000000000000000000000000000000000040
:1018A8000000000000000000000000000000000030
:1018B8000000000000000000000000000000000020
:1018C8000000000000000000000000000000000010
:1018D8000000000000000000000000000000000000
:1018E80000000000000000000000000000000000F0
:1018F80000000000000000000000000000000000E0
:1019080000000000000000000000000000000000CF
:1019180000000000000000000000010000000000BE
:10192800AC040020010000000000000000000000DE
:101938000000000000000000FFFFFFFFFFFFFFFFA7
:10194800FBCA000013D100002C04010000000000B5
:1019580000000000CBD300000000000000000000E1
:1019680000000000CD65000000000000000000003D
:101978000000000000000000A406010000000000B4
:1019880010050020100500200000000001000000E4
:10199800200500202005002028050020280500201B
:1019A8000000000001000000380500203805002074
:1019B800000000000000000000000000000000001F
:1019C800000000000000000000000000000000000F
:1019D80000000000000000000000000000000000FF
:1019E800E4060100010000007805002078050020C9
:1019F8000000000001000000880500208805002084
:101A08009005002090050020000000000100000063
:101A1800A0050020A0050020000000000000000034
:101A280000000000000000000000000000000000AE
:101A3800000000000000000000000000000000009E
:101A4800C8000000D4050020D4050020FFFFFFFFD8
:101A5800E0050020E0050020010000000000000073
:0A1A68000000000000000000000074
:101A72000000000000000000000000000000000064
:061A82000000000000005E
:101A8800000000000000000000000000000000004E
:101A9800000000000000000000000000000000003E
:101AA800000000000000000000000000000000002E
:101AB800000000000000000000000000000000001E
:041AC800000000001A
:101ACC005406002054060020A04B0020000000000B
:101ADC000400000040000000000000007006002020
:101AEC0070060020A04A0020000000000400000046
:081AFC004000000000000000A2
:101B04008C0600208C06002000000000000000006D
:101B140000000000A0060020A00600200000000035
:101B24000000000000000000B4060020B4060020FD
:101B3400000000000000000000000000C8060020B3
:101B4400C8060020000000000000000000000000A3
:101B5400DC060020DC06002000000000000000007D
:041B6400000000007D
:101B6800F0060020F006002010000000050000002C
:101B7800301C0020801C0020301C0020301C00205D
:101B880000000000140700201407002000000000D7
:101B9800200700202007002001000000FFFFFFFFB2
:101BA80030070020300700203807002038070020C1
:101BB800000000000100000048070020480700203E
:101BC800000000000000000058070020580700200F
:101BD80060070020600700201000100004000000CB
:101BE8000000000020050100E0480020000000007F
:101BF8000000000084070020840700208C070020D4
:101C08008C070020100010000400000000000000F5
:101C18000C050100203F002000000000000000002B
:101C2800B0070020B0070020B8070020B807002040
:101C3800010001000800000000000000F804010095
:041C48000037002041
:101C4C001008002000000000000000000000000050
:101C5C000000000000000000000000000000000078
:101C6C000000000000000000000000000000000068
:0C1C7C000000000000000000000000005C
:101C880004FF00003808002050180020000200005F
:101C9800000000000000000000007F0000000000BD
:081CA800000000000000000034
:101CB000E9540000DD5600007D5400005DD90000AD
:041CC0000000000020
:041CC40015E015E032
:040000030000380DB4
:00000001FF
